   Compiling girt v0.1.0 (/Users/joshka/local/girt)
    Finished `test` profile [unoptimized + debuginfo] target(s) in 6.11s
     Running unittests src/lib.rs (target/debug/deps/girt-471ac4938702d969)

running 1518 tests
test checkout::worktree::tests::descendant_lookup_respects_component_boundaries::case_1_descendant ... ok
test checkout::worktree::tests::descendant_lookup_respects_component_boundaries::case_2_same_leaf ... ok
test checkout::worktree::tests::descendant_lookup_respects_component_boundaries::case_3_neighbor ... ok
test checkout::worktree::tests::descendant_lookup_respects_component_boundaries::case_4_earlier_neighbor ... ok
test checkout::worktree::tests::descendant_lookup_respects_component_boundaries::case_5_nested_prefix ... ok
test checkout::worktree::tests::colliding_tree_paths_are_rejected_even_on_case_sensitive_filesystems ... ok
test checkout::worktree::tests::corrupted_blob_is_rejected_before_mutation ... ok
test checkout::worktree::tests::bare_nested_repository_is_not_entered ... ok
test checkout::worktree::tests::destination_symlink_substitution_does_not_follow_or_overwrite ... ok
test checkout::worktree::tests::cancellation_reports_prior_namespace_changes::case_1_before ... ok
test checkout::worktree::tests::changed_file_is_preserved_at_mutation_boundaries::case_2_at_mutation ... ok
test checkout::worktree::tests::exhausted_preparation_limits_preserve_worktree::case_1_objects ... ok
test checkout::worktree::tests::changed_file_is_preserved_at_mutation_boundaries::case_1_after_plan ... ok
test checkout::worktree::tests::cancellation_reports_prior_namespace_changes::case_3_publication ... ok
test checkout::worktree::tests::cancellation_reports_prior_namespace_changes::case_2_during ... ok
test checkout::worktree::tests::deletes_only_tracked_content_and_retains_unrelated_files ... ok
test checkout::worktree::tests::exhausted_preparation_limits_preserve_worktree::case_2_file ... ok
test checkout::worktree::tests::exhausted_preparation_limits_preserve_worktree::case_4_depth ... ok
test checkout::worktree::tests::exhausted_preparation_limits_preserve_worktree::case_6_tree ... ok
test checkout::worktree::tests::exhausted_preparation_limits_preserve_worktree::case_7_index ... ok
test checkout::worktree::tests::exhausted_preparation_limits_preserve_worktree::case_5_directory ... ok
test checkout::worktree::tests::directory_transition_refuses_unknown_contents::case_2_empty_directory ... ok
test checkout::worktree::tests::existing_symlink_ancestor_does_not_escape_worktree ... ok
test checkout::worktree::tests::exhausted_preparation_limits_preserve_worktree::case_3_paths ... ok
test checkout::worktree::tests::directory_transition_refuses_unknown_contents::case_1_file ... ok
test checkout::worktree::tests::failures_after_namespace_success_still_report_operation::case_1_leaf ... ok
test checkout::worktree::tests::index_lock_cleanup_failure_is_visible_without_recursive_cleanup ... ok
test checkout::worktree::tests::foreign_index_lock_is_preserved ... ok
test checkout::worktree::tests::final_verification_refuses_changed_target_without_publishing ... ok
test checkout::worktree::tests::exhausted_worktree_budget_does_not_remove_files ... ok
test checkout::worktree::tests::failures_after_namespace_success_still_report_operation::case_2_directory ... ok
test checkout::worktree::tests::macos_rejects_non_ascii_paths ... ok
test checkout::worktree::tests::missing_blob_is_rejected_before_mutation ... ok
test checkout::worktree::tests::injected_io_failures_report_residual_changes::case_1_write ... ok
test checkout::worktree::tests::injected_io_failures_report_residual_changes::case_3_delete ... ok
test checkout::worktree::tests::injected_io_failures_report_residual_changes::case_2_install ... ok
test checkout::worktree::tests::mode_only_dirty_change_is_not_overwritten ... ok
test checkout::worktree::tests::injected_io_failures_report_residual_changes::case_4_index ... ok
test checkout::worktree::tests::preserves_staged_changes_and_conflicts::case_2_conflict ... ok
test checkout::worktree::tests::preserves_staged_changes_and_conflicts::case_1_staged ... ok
test checkout::worktree::tests::live_marker_guard_remains_active_after_preflight ... ok
test checkout::worktree::tests::refuses_dirty_files_before_any_mutation::case_1_content ... ok
test checkout::worktree::tests::ordinary_worktree_root_is_not_a_nested_repository ... ok
test checkout::worktree::tests::refuses_dirty_files_before_any_mutation::case_2_assume_valid ... ok
test checkout::worktree::tests::refuses_planned_markers_without_mutation::case_02_final_verification_only ... ok
test checkout::worktree::tests::noncooperating_index_change_prevents_publication_after_worktree_update ... ok
test checkout::worktree::tests::refuses_planned_markers_without_mutation::case_01_initial ... ok
test checkout::worktree::tests::refuses_planned_markers_without_mutation::case_04_leaf_to_directory ... ok
test checkout::worktree::tests::refuses_planned_markers_without_mutation::case_03_tracked ... ok
test checkout::worktree::tests::projection_checks_intermediate_states_not_only_the_final_tree ... ok
test checkout::worktree::tests::refuses_planned_markers_without_mutation::case_05_retained_files ... ok
test checkout::worktree::tests::refuses_planned_markers_without_mutation::case_07_retained_directory ... ok
test checkout::worktree::tests::refuses_untracked_obstructions::case_1_leaf ... ok
test checkout::worktree::tests::refuses_planned_markers_without_mutation::case_06_retained_tracked ... ok
test checkout::worktree::tests::refuses_planned_markers_without_mutation::case_10_planned_directories ... ok
test checkout::worktree::tests::refuses_planned_markers_without_mutation::case_11_planned_aliases ... ok
test checkout::worktree::tests::refuses_untracked_obstructions::case_3_case_alias ... ok
test checkout::worktree::tests::refuses_untracked_obstructions::case_2_ancestor ... ok
test checkout::worktree::tests::refuses_planned_markers_without_mutation::case_12_retained_alias ... ok
test checkout::worktree::tests::rejects_unsupported_tree_paths_before_mutation::case_4_colon ... ok
test checkout::worktree::tests::rejects_unsupported_tree_paths_before_mutation::case_2_metadata_alias ... ok
test checkout::worktree::tests::rejects_unsupported_tree_paths_before_mutation::case_1_gitlink ... ok
test checkout::worktree::tests::rejects_nested_repository ... ok
test checkout::worktree::tests::refuses_planned_markers_without_mutation::case_08_emptied_directory_retained ... ok
test checkout::worktree::tests::rejects_unsupported_tree_paths_before_mutation::case_3_backslash ... ok
test checkout::worktree::tests::refuses_planned_markers_without_mutation::case_09_marker_directory_to_file ... ok
test checkout::worktree::tests::root_substitution_before_mutation_is_detected ... ok
test checkout::worktree::tests::replaced_temporary_is_not_deleted_by_cleanup ... ok
test checkout::worktree::tests::successful_install_with_failed_cleanup_is_reported ... ok
test checkout::worktree::tests::target_verification_budget_is_checked_before_installation ... ok
test checkout::worktree::tests::unsupported_symlink_payload_is_rejected_before_mutation::case_1_empty ... ok
test checkout::worktree::tests::tracked_file_directory_transitions::case_1_file_to_directory ... ok
test checkout::worktree::tests::tracked_file_directory_transitions::case_3_nested_directory_to_file ... ok
test checkout::worktree::tests::substituted_ancestor_never_receives_writes::case_1_symlink ... ok
test checkout::worktree::tests::retained_dangling_symlink_counts_as_a_marker ... ok
test checkout::worktree::tests::removing_a_marker_before_adding_another_is_supported ... ok
test checkout::worktree::tests::substituted_ancestor_never_receives_writes::case_2_directory ... ok
test checkout::worktree::tests::unsupported_optional_extension_is_preserved_and_refused ... ok
test checkout::worktree::tests::tracked_file_directory_transitions::case_2_directory_to_file ... ok
test checkout::worktree::tests::unsupported_symlink_payload_is_rejected_before_mutation::case_2_nul ... ok
test clone::config::tests::preserves_other_writers_config_and_releases_owned_lock ... ok
test clone::plan::tests::default_selection::case_2_detached_equal_branches ... ok
test clone::config::tests::preserves_quoted_url_bytes_and_branch_configuration ... ok
test checkout::worktree::tests::unchanged_checkout_discards_unverified_tree_cache ... ok
test clone::plan::tests::default_selection::case_1_symbolic ... ok
test clone::plan::tests::default_selection::case_3_detached_only ... ok
test clone::plan::tests::default_selection::case_4_empty ... ok
test clone::plan::tests::default_selection::case_5_unborn_hint ... ok
test clone::plan::tests::explicit_branch::case_2_empty ... ok
test checkout::worktree::tests::updates_raw_content_and_modes::case_1_regular ... ok
test clone::plan::tests::explicit_branch::case_1_existing ... ok
test clone::plan::tests::missing_selected_branch_is_not_treated_as_empty ... ok
test clone::plan::tests::rejects_invalid_defaults::case_1_missing_head ... ok
test clone::plan::tests::rejects_invalid_defaults::case_2_mismatched_head ... ok
test clone::plan::tests::rejects_invalid_defaults::case_3_missing_target ... ok
test clone::plan::tests::rejects_invalid_defaults::case_4_missing_head_id ... ok
test clone::plan::tests::rejects_invalid_defaults::case_5_duplicate_hint ... ok
test clone::plan::tests::rejects_invalid_defaults::case_6_nonbranch_hint ... ok
test clone::plan::tests::rejects_invalid_defaults::case_7_invalid_hint ... ok
test checkout::worktree::tests::updates_raw_content_and_modes::case_4_link_to_file ... ok
test clone::plan::tests::rejects_invalid_defaults::case_8_duplicate_ref ... ok
test clone::plan::tests::remaps_actual_advertisement_after_preview ... ok
test checkout::worktree::tests::wrong_kind_blob_is_rejected_before_mutation ... ok
test checkout::worktree::tests::updates_raw_content_and_modes::case_5_changed_link ... ok
test checkout::worktree::tests::updates_raw_content_and_modes::case_3_link ... ok
test checkout::worktree::tests::updates_raw_content_and_modes::case_2_executable ... ok
test clone::workflow::tests::invalid_url_has_no_effects::case_1_empty ... ok
test clone::workflow::tests::invalid_url_has_no_effects::case_2_nul ... ok
test clone::workflow::tests::cancellation_before_finish_leaves_destination_absent ... ok
test clone::workflow::tests::invalid_url_has_no_effects::case_3_cr ... ok
test clone::workflow::tests::transfer_error_before_selection_keeps_original_cause ... ok
test clone::workflow::tests::urls_are_not_in_request_debug ... ok
test clone::workflow::tests::cancelled_after_initialization_keeps_empty_repository ... ok
test commit::dual_format_tests::parsing_rejects_foreign_parent::case_1_sha1 ... ok
test commit::dual_format_tests::parsing_rejects_foreign_parent::case_2_sha256 ... ok
test commit::dual_format_tests::sha256_nonhex_tree_is_not_an_identity ... ok
test commit::format_boundary_tests::rejects_sha256_fields::case_1_tree ... ok
test commit::format_boundary_tests::rejects_sha256_fields::case_2_parent ... ok
test commit::identity::tests::interprets_numbers_without_construction_policy::case_01_pre_epoch ... ok
test commit::identity::tests::interprets_numbers_without_construction_policy::case_02_minimum ... ok
test commit::identity::tests::interprets_numbers_without_construction_policy::case_03_maximum ... ok
test commit::identity::tests::interprets_numbers_without_construction_policy::case_04_padded ... ok
test clone::workflow::tests::dropping_ready_does_not_initialize ... ok
test commit::identity::tests::interprets_numbers_without_construction_policy::case_05_tabs ... ok
test commit::identity::tests::interprets_numbers_without_construction_policy::case_06_short ... ok
test commit::identity::tests::interprets_numbers_without_construction_policy::case_07_hours ... ok
test commit::identity::tests::interprets_numbers_without_construction_policy::case_08_minutes ... ok
test commit::identity::tests::interprets_numbers_without_construction_policy::case_10_suffix ... ok
test commit::identity::tests::interprets_numbers_without_construction_policy::case_09_trailing ... ok
test commit::identity::tests::interprets_numbers_without_construction_policy::case_11_adjacent ... ok
test commit::identity::tests::preserves_bytes_after_interpretation_error::case_1_empty ... ok
test clone::workflow::tests::destination_race_preserves_other_content ... ok
test commit::identity::tests::preserves_bytes_after_interpretation_error::case_2_missing_zone ... ok
test commit::identity::tests::preserves_bytes_after_interpretation_error::case_3_overflow ... ok
test commit::identity::tests::preserves_bytes_after_interpretation_error::case_4_underflow ... ok
test commit::identity::tests::preserves_bytes_after_interpretation_error::case_6_unsigned ... ok
test commit::identity::tests::preserves_bytes_after_interpretation_error::case_5_text ... ok
test commit::identity::tests::preserves_bytes_after_interpretation_error::case_7_zone_text ... ok
test commit::payload::tests::rejects_unframed_payloads::case_2_no_space ... ok
test commit::identity::tests::preserves_bytes_after_interpretation_error::case_8_zone_overflow ... ok
test commit::payload::tests::rejects_unframed_payloads::case_1_orphan ... ok
test commit::payload::tests::rejects_unframed_payloads::case_3_tab ... ok
test commit::payload::tests::rejects_unframed_payloads::case_4_bad_name ... ok
test commit::payload::tests::rejects_unframed_payloads::case_5_truncated ... ok
test commit::payload::tests::rejects_unframed_payloads::case_6_missing_separator ... ok
test commit::payload::tests::rejects_unframed_payloads::case_7_empty ... ok
test commit::payload::tests::removes_only_selected_span::case_2_middle ... ok
test commit::payload::tests::removes_only_selected_span::case_1_first ... ok
test commit::payload::tests::removes_only_selected_span::case_3_last ... ok
test commit::payload::tests::removes_selected_set_in_payload_order ... ok
test commit::payload::tests::retains_uninterpreted_headers::case_1_empty ... ok
test commit::payload::tests::retains_uninterpreted_headers::case_2_reordered ... ok
test commit::payload::tests::retains_uninterpreted_headers::case_3_opaque ... ok
test commit::payload::tests::unfolds_only_framing_spaces ... ok
test commit::tests::constructs_root_with_literal_payload_and_identity ... ok
test commit::tests::interprets_identity_delimiters::case_1_no_space ... ok
test commit::tests::interprets_identity_delimiters::case_2_overlap ... ok
test commit::tests::interprets_identity_delimiters::case_3_closing ... ok
test commit::tests::interprets_identity_delimiters::case_4_whitespace ... ok
test commit::tests::parses_date_boundaries::case_2_max_seconds ... ok
test commit::tests::parses_date_boundaries::case_1_negative_offset ... ok
test commit::tests::parses_date_boundaries::case_3_min_seconds ... ok
test commit::tests::preserves_message_bytes::case_2_no_final_newline ... ok
test commit::tests::preserves_message_bytes::case_3_binary ... ok
test commit::tests::preserves_ordered_merge_parents_including_duplicates ... ok
test commit::tests::preserves_message_bytes::case_1_empty ... ok
test commit::tests::preserves_readable_fields_that_fail_validation::case_1_empty_name ... ok
test commit::tests::preserves_readable_fields_that_fail_validation::case_2_empty_email ... ok
test commit::tests::preserves_readable_fields_that_fail_validation::case_3_nul ... ok
test commit::tests::preserves_readable_fields_that_fail_validation::case_4_cr ... ok
test commit::tests::preserves_readable_fields_that_fail_validation::case_5_leading_space ... ok
test commit::tests::preserves_unknown_repeated_and_multiline_headers ... ok
test commit::tests::rejects_incomplete_or_unsupported_headers::case_1_missing_separator ... ok
test commit::tests::rejects_incomplete_or_unsupported_headers::case_2_missing_headers ... ok
test commit::tests::rejects_incomplete_or_unsupported_headers::case_3_short_id ... ok
test commit::tests::rejects_incomplete_or_unsupported_headers::case_4_sha256 ... ok
test commit::tests::rejects_incomplete_or_unsupported_headers::case_5_nonhex ... ok
test commit::tests::rejects_incomplete_or_unsupported_headers::case_7_reordered ... ok
test commit::tests::rejects_incomplete_or_unsupported_headers::case_6_bad_parent ... ok
test commit::tests::rejects_new_identity_components::case_1_empty ... ok
test commit::tests::rejects_new_identity_components::case_2_newline ... ok
test commit::tests::rejects_new_identity_components::case_3_angle ... ok
test commit::tests::rejects_new_identity_components::case_4_closing_angle ... ok
test commit::tests::rejects_new_invalid_header_names::case_1_empty ... ok
test commit::tests::rejects_new_invalid_header_names::case_2_space ... ok
test commit::tests::rejects_new_invalid_header_names::case_3_newline ... ok
test commit::tests::rejects_new_invalid_header_names::case_4_non_ascii ... ok
test commit::tests::rejects_new_invalid_header_names::case_5_nul ... ok
test commit::tests::rejects_new_invalid_header_names::case_6_tree ... ok
test commit::tests::rejects_new_invalid_header_names::case_7_parent ... ok
test commit::tests::rejects_new_invalid_header_names::case_8_author ... ok
test commit::tests::rejects_new_invalid_header_names::case_9_committer ... ok
test commit::tests::rejects_new_offset_out_of_range::case_1_positive ... ok
test commit::tests::rejects_new_offset_out_of_range::case_2_negative ... ok
test commit::tests::rejects_new_offset_out_of_range::case_3_minimum ... ok
test commit::tests::rejects_unreadable_dates::case_1_overflow ... ok
test commit::tests::rejects_unreadable_dates::case_2_underflow ... ok
test commit::tests::rejects_unreadable_dates::case_3_empty_seconds ... ok
test commit::tests::rejects_unreadable_dates::case_4_nonnumeric ... ok
test commit::tests::rejects_unreadable_dates::case_5_no_offset ... ok
test commit::tests::rejects_unreadable_dates::case_6_no_sign ... ok
test commit::tests::rejects_unreadable_dates::case_7_zone_letters ... ok
test commit::tests::rejects_unreadable_identities::case_1_no_email ... ok
test commit::tests::rejects_unreadable_identities::case_2_no_closing_bracket ... ok
test commit::tests::retains_header_values_rejected_by_construction::case_1_nul ... ok
test commit::tests::retains_header_values_rejected_by_construction::case_2_cr ... ok
test commit::tests::retains_legacy_extra_headers::case_1_orphan_continuation ... ok
test commit::tests::retains_legacy_extra_headers::case_3_tab_continuation ... ok
test commit::tests::retains_legacy_extra_headers::case_2_missing_space ... ok
test commit::tests::retains_legacy_extra_headers::case_4_repeated_tree ... ok
test commit::tests::retains_legacy_extra_headers::case_5_misplaced_parent ... ok
test commit::tests::retains_legacy_extra_headers::case_6_repeated_author ... ok
test commit::tests::retains_legacy_extra_headers::case_7_repeated_committer ... ok
test config::document::tests::append_escapes_values::case_1_empty ... ok
test config::document::tests::append_escapes_values::case_2_no_newline ... ok
test commit::tests::retains_lexical_details_until_explicit_reconstruction ... ok
test config::document::tests::append_escapes_values::case_3_comment ... ok
test config::document::tests::append_escapes_values::case_4_trailing_continuation ... ok
test config::document::tests::invalid_edits_retain_exact_bytes ... ok
test config::document::tests::preserves_repeated_sections_and_unrelated_bytes ... ok
test config::document::tests::replaces_only_value::case_2_implicit ... ok
test config::document::tests::replaces_only_value::case_1_comments ... ok
test config::document::tests::replaces_only_value::case_3_empty ... ok
test clone::workflow::tests::missing_destination_parent_is_not_created ... ok
test config::document::tests::replaces_only_value::case_4_continued ... ok
test config::document::tests::replaces_only_value::case_5_bom ... ok
test config::edit::tests::creation_after_acquisition_is_not_overwritten ... ok
test config::edit::tests::changed_lock_reports_cleanup_failure_without_removing_replacement ... ok
test config::edit::tests::failed_descriptor_write_preserves_destination ... ok
test config::edit::tests::deletion_after_acquisition_is_not_recreated ... ok
test config::edit::tests::injected_cleanup_fault_retains_both_causes_and_owned_lock ... ok
test config::edit::tests::failed_rename_preserves_destination ... ok
test config::edit::tests::lifecycle_and_contention::case_1_missing ... ok
test clone::workflow::tests::fetch_reference_lock_failure_retains_pack_without_configuration ... ok
test config::edit::tests::lifecycle_and_contention::case_3_existing ... ok
test config::edit::tests::lifecycle_and_contention::case_2_empty ... ok
test clone::workflow::tests::config_lock_failure_retains_fetch_and_initial_head ... ok
test config::parse::tests::parses_values::case_1_quote ... ok
test config::edit::tests::limit_rejection_and_drop_preserve_original ... ok
test config::parse::tests::parses_values::case_2_continuation ... ok
test config::edit::tests::malformed_source_releases_only_owned_lock ... ok
test config::edit::tests::stale_snapshot_and_competing_noncooperating_write ... ok
test config::parse::tests::parses_values::case_3_escapes ... ok
test config::parse::tests::parses_values::case_4_bytes ... ok
test config::parse::tests::parses_values::case_5_empty_quote_prefix ... ok
test config::parse::tests::parses_values::case_6_continued_prefix ... ok
test config::edit::tests::symlink_destination_is_rejected ... ok
test config::parse::tests::rejects_syntax::case_01_outside ... ok
test config::parse::tests::rejects_syntax::case_02_escape ... ok
test config::parse::tests::rejects_syntax::case_03_quote ... ok
test config::parse::tests::rejects_syntax::case_04_nul ... ok
test config::parse::tests::rejects_syntax::case_05_nul_quoted ... ok
test config::parse::tests::rejects_syntax::case_06_nul_key ... ok
test config::edit::tests::replacement_preserves_restrictive_source_permissions ... ok
test config::parse::tests::rejects_syntax::case_07_nul_section ... ok
test config::parse::tests::rejects_syntax::case_08_nul_subsection ... ok
test config::parse::tests::rejects_syntax::case_09_nul_subsection_escape ... ok
test config::parse::tests::rejects_syntax::case_10_nul_between ... ok
test config::parse::tests::rejects_syntax::case_11_quoted_comment ... ok
test config::parse::tests::rejects_syntax::case_12_double_cr_escape ... ok
test config::parse::tests::repeated_keys_and_subsections ... ok
test clone::workflow::tests::verification_limit_failure_retains_installed_objects_without_refs ... ok
test config::resolution::tests::empty_environment::case_1_empty ... ok
test config::resolution::tests::empty_environment::case_2_absent ... ok
test config::resolution::tests::empty_environment::case_3_zero ... ok
test config::resolution::tests::missing_home_context_fails_without_ambient_lookup ... ok
test config::resolution::tests::rejects_environment_input::case_1_missing_key ... ok
test config::resolution::tests::rejects_environment_input::case_2_missing_value ... ok
test config::resolution::tests::rejects_environment_input::case_3_negative ... ok
test clone::workflow::tests::index_install_failure_reports_unindexed_residual_pack ... ok
test config::resolution::tests::rejects_environment_input::case_4_limit ... ok
test config::wildmatch::tests::glob::case_1_single ... ok
test config::resolution::tests::rejects_environment_input::case_5_bad_key ... ok
test config::resolution::tests::runtime_relative_include_has_contextual_error ... ok
test config::resolution::tests::rejects_environment_input::case_6_nul ... ok
test config::wildmatch::tests::glob::case_2_recursive ... ok
test config::wildmatch::tests::glob::case_3_zero_components ... ok
test config::wildmatch::tests::glob::case_4_tail ... ok
test config::wildmatch::tests::glob::case_6_escape ... ok
test config::wildmatch::tests::glob::case_5_class ... ok
test config::wildmatch::tests::glob::case_7_question ... ok
test config::resolution::tests::named_home_and_prefix_expansion_use_explicit_context ... ok
test clone::workflow::tests::head_lock_failure_retains_config_and_fetch_without_local_branch ... ok
test config::resolution::tests::repeated_expansion_is_bounded_even_when_reads_are_cached ... ok
test clone::workflow::tests::detached_append_dependency_lock_failure_keeps_initial_head_and_completed_fetch ... ok
test content_diff::blobs::tests::accepts_blob_modes_with_exact_cumulative_limit::case_1_regular ... ok
test content_diff::blobs::tests::accepts_blob_modes_with_exact_cumulative_limit::case_2_executable ... ok
test content_diff::blobs::tests::absent_sides_are_empty::case_1_old ... ok
test content_diff::blobs::tests::absent_sides_are_empty::case_3_both ... ok
test content_diff::blobs::tests::absent_sides_are_empty::case_2_new ... ok
test content_diff::blobs::tests::cancellation_precedes_mode_errors_and_reads ... ok
test content_diff::blobs::tests::bounds_decoding_before_retaining_payload::case_1_first_payload ... ok
test content_diff::tests::auto_accepts_invalid_utf8_without_nul ... ok
test content_diff::blobs::tests::accepts_blob_modes_with_exact_cumulative_limit::case_3_symlink_bytes ... ok
test content_diff::blobs::tests::bounds_decoding_before_retaining_payload::case_2_combined_payload ... ok
test content_diff::tests::auto_scans_past_git_sampling_window ... ok
test content_diff::tests::binary_keeps_exact_payloads::case_1_nul_old ... ok
test content_diff::tests::binary_keeps_exact_payloads::case_2_nul_new ... ok
test content_diff::tests::binary_keeps_exact_payloads::case_3_forced ... ok
test content_diff::tests::binary_keeps_exact_payloads::case_4_binary_add ... ok
test content_diff::blobs::tests::missing_equal_ids_are_not_skipped ... ok
test content_diff::tests::binary_keeps_exact_payloads::case_5_binary_delete ... ok
test content_diff::tests::bytes_bound_also_applies_without_search::case_1_equal ... ok
test content_diff::tests::cancellation_precedes_fast_paths::case_1_empty ... ok
test content_diff::tests::bytes_bound_also_applies_without_search::case_2_binary ... ok
test content_diff::tests::cancellation_precedes_fast_paths::case_2_binary ... ok
test content_diff::tests::cancellation_precedes_fast_paths::case_3_text ... ok
test content_diff::tests::checked_budget_rejects_underflow_and_accepts_usize_max ... ok
test content_diff::tests::checkpoints_observe_cancellation_after_prior_work ... ok
test content_diff::tests::edit_shapes::case_01_add ... ok
test content_diff::tests::edit_shapes::case_02_delete ... ok
test content_diff::blobs::tests::corrupt_payload_retains_storage_source ... ok
test content_diff::blobs::tests::wrong_kind_retains_identity_and_actual_kind ... ok
test content_diff::tests::edit_shapes::case_04_insert_middle ... ok
test content_diff::tests::edit_shapes::case_09_blank_lines ... ok
test content_diff::tests::edit_shapes::case_03_replace ... ok
test content_diff::tests::edit_shapes::case_05_delete_middle ... ok
test content_diff::tests::edit_shapes::case_06_two_edits ... ok
test content_diff::tests::edit_shapes::case_07_repeated_prefix ... ok
test content_diff::tests::edit_shapes::case_08_ambiguous_swap ... ok
test content_diff::tests::edit_shapes::case_11_cr_is_not_delimiter ... ok
test content_diff::tests::edit_shapes::case_10_crlf ... ok
test content_diff::tests::edit_shapes::case_12_no_final_lf ... ok
test content_diff::tests::empty_equal_inputs_need_no_budget ... ok
test content_diff::tests::edit_shapes::case_13_add_final_lf ... ok
test content_diff::tests::edit_shapes::case_14_non_utf8 ... ok
test content_diff::tests::edit_shapes::case_15_nul_text ... ok
test content_diff::tests::equality_precedes_classification::case_1_empty ... ok
test content_diff::tests::equality_precedes_classification::case_2_text ... ok
test content_diff::tests::equality_precedes_classification::case_3_nul_auto ... ok
test content_diff::blobs::tests::per_read_limit_remains_independent ... ok
test content_diff::tests::exact_input_line_trace_bounds_succeed ... ok
test content_diff::blobs::tests::missing_replacement_fails_after_reading_original ... ok
test content_diff::blobs::tests::rejects_non_blob_modes_before_reading_either_side::case_2_gitlink ... ok
test content_diff::tests::equality_precedes_classification::case_4_binary ... ok
test content_diff::tests::exact_work_bound_for_empty_side ... ok
test content_diff::tests::line_bound_counts_unterminated_fragment ... ok
test content_diff::tests::long_equal_lines_charge_bytes_not_just_comparisons ... ok
test content_diff::tests::rejects_exhausted_bounds::case_1_bytes ... ok
test content_diff::tests::rejects_exhausted_bounds::case_2_lines ... ok
test content_diff::tests::rejects_exhausted_bounds::case_3_trace ... ok
test content_diff::tests::rejects_exhausted_bounds::case_4_work ... ok
test content_diff::tests::traceback_counts_toward_work_budget::case_1_one_short ... ok
test content_diff::tests::traceback_counts_toward_work_budget::case_2_exact ... ok
test fetch::connectivity::tests::bounds_edge_occurrences ... ok
test fetch::connectivity::tests::combined_graph_charges_local_edges_to_verification_budget ... ok
test content_diff::tests::large_addition_does_not_allocate_quadratic_trace ... ok
test content_diff::blobs::tests::rejects_non_blob_modes_before_reading_either_side::case_1_tree ... ok
test fetch::connectivity::tests::rejects_malformed_reachable_payload::case_3_tag ... ok
test fetch::connectivity::tests::rejects_missing_edges::case_1_missing_tree ... ok
test content_diff::tests::varied_byte_sequences_preserve_boundaries_and_minimum_cost ... ok
test fetch::connectivity::tests::combined_graph_records_only_used_local_dependencies ... ok
test fetch::connectivity::tests::combined_graph_rejects_wrong_local_edge_kind ... ok
test fetch::connectivity::tests::rejects_malformed_reachable_payload::case_1_tree ... ok
test fetch::connectivity::tests::nested_tags_can_reach_noncommit_objects ... ok
test fetch::connectivity::tests::rejects_malformed_reachable_payload::case_2_commit ... ok
test fetch::connectivity::tests::rejects_missing_edges::case_2_missing_blob ... ok
test fetch::connectivity::tests::rejects_missing_edges::case_3_missing_tag_target ... ok
test fetch::connectivity::tests::rejects_missing_parent_even_when_tree_is_complete ... ok
test fetch::connectivity::tests::rejects_wrong_edge_kind::case_1_commit_tree ... ok
test fetch::connectivity::tests::rejects_wrong_edge_kind::case_2_subtree ... ok
test fetch::connectivity::tests::rejects_wrong_edge_kind::case_3_tag_target ... ok
test fetch::connectivity::tests::skips_gitlinks_to_external_submodules ... ok
test fetch::import::format_tests::validates_empty_and_rejects_wrong_format_and_truncation::case_1_sha1 ... ok
test fetch::import::format_tests::validates_empty_and_rejects_wrong_format_and_truncation::case_2_sha256 ... ok
test fetch::import::tests::cancellation_precedes_pack_validation::case_1_sha1 ... ok
test fetch::import::tests::cancellation_precedes_pack_validation::case_2_sha256 ... ok
test fetch::import::tests::delta_limits::case_1_depth_sha1 ... ok
test fetch::import::tests::delta_limits::case_2_depth_sha256 ... ok
test fetch::import::tests::delta_limits::case_4_program_sha256 ... ok
test fetch::import::tests::delta_limits::case_3_program_sha1 ... ok
test fetch::import::tests::delta_limits::case_5_reconstructed_bytes_sha1 ... ok
test fetch::import::tests::delta_limits::case_6_reconstructed_bytes_sha256 ... ok
test fetch::import::tests::delta_limits::case_7_resolution_work_sha1 ... ok
test fetch::import::tests::delta_limits::case_8_resolution_work_sha256 ... ok
test fetch::import::tests::exact_delta_limits_succeed::case_1_sha1 ... ok
test fetch::import::tests::rejects_bad_offset_base::case_1_before_pack_sha1 ... ok
test fetch::import::tests::rejects_bad_offset_base::case_2_before_pack_sha256 ... ok
test fetch::import::tests::rejects_bad_offset_base::case_3_self_reference_sha1 ... ok
test fetch::import::tests::exact_delta_limits_succeed::case_2_sha256 ... ok
test fetch::import::tests::rejects_bad_offset_base::case_4_self_reference_sha256 ... ok
test fetch::import::tests::rejects_bad_offset_base::case_5_not_entry_boundary_sha1 ... ok
test fetch::import::tests::rejects_bad_offset_base::case_6_not_entry_boundary_sha256 ... ok
test fetch::import::tests::rejects_duplicate_identities::case_1_sha1 ... ok
test fetch::import::tests::rejects_duplicate_identities::case_2_sha256 ... ok
test fetch::import::tests::rejects_entry_framing_even_with_valid_checksum::case_1_bad_zlib_sha1 ... ok
test fetch::import::tests::rejects_entry_framing_even_with_valid_checksum::case_2_bad_zlib_sha256 ... ok
test fetch::import::tests::rejects_entry_framing_even_with_valid_checksum::case_3_truncated_zlib_sha1 ... ok
test content_diff::tests::large_small_edit_fits_tiny_trace ... ok
test fetch::import::tests::rejects_entry_framing_even_with_valid_checksum::case_4_truncated_zlib_sha256 ... ok
test fetch::import::tests::rejects_entry_framing_even_with_valid_checksum::case_5_wrong_length_sha1 ... ok
test fetch::import::tests::rejects_entry_framing_even_with_valid_checksum::case_6_wrong_length_sha256 ... ok
test content_diff::tests::exhaustive_short_sequences_reconstruct_with_minimum_cost ... ok
test fetch::import::tests::rejects_entry_framing_even_with_valid_checksum::case_7_trailing_sha1 ... ok
test fetch::import::tests::rejects_entry_framing_even_with_valid_checksum::case_8_trailing_sha256 ... ok
test fetch::import::tests::rejects_external_base::case_2_sha256 ... ok
test fetch::import::tests::rejects_external_base::case_1_sha1 ... ok
test fetch::import::tests::rejects_invalid_delta_program::case_1_reserved_instruction_sha1 ... ok
test fetch::import::tests::rejects_invalid_delta_program::case_3_wrong_base_length_sha1 ... ok
test fetch::import::tests::rejects_invalid_delta_program::case_5_short_result_sha1 ... ok
test fetch::import::tests::rejects_invalid_delta_program::case_4_wrong_base_length_sha256 ... ok
test fetch::import::tests::rejects_invalid_delta_program::case_2_reserved_instruction_sha256 ... ok
test fetch::import::tests::rejects_invalid_delta_program::case_7_copy_outside_sha1 ... ok
test fetch::import::tests::rejects_reserved_type::case_1_reserved_sha1 ... ok
test fetch::import::tests::rejects_invalid_delta_program::case_8_copy_outside_sha256 ... ok
test fetch::import::tests::rejects_invalid_delta_program::case_6_short_result_sha256 ... ok
test fetch::import::tests::resolves_forward_ref_base_and_generates_readable_index::case_1_sha1 ... ok
test fetch::import::tests::rejects_reserved_type::case_2_reserved_sha256 ... ok
test fetch::import::tests::rejects_reserved_type::case_3_unused_sha1 ... ok
test fetch::import::tests::rejects_reserved_type::case_4_unused_sha256 ... ok
test fetch::import::tests::resolves_ofs_base::case_2_sha256 ... ok
test fetch::import::tests::resolves_forward_ref_base_and_generates_readable_index::case_2_sha256 ... ok
test fetch::import::tests::resolves_ofs_base::case_1_sha1 ... ok
test fetch::known::tests::cancelled_preparation_retains_no_partial_knowledge ... ok
test fetch::install::shallow_tests::stale_handle_cannot_install_into_new_shallow_metadata ... ok
test fetch::known::tests::corrupt_local_dependency_reports_identity_and_storage_cause ... ok
test fetch::known::tests::exact_count_and_edges_skip_gitlinks_and_bound_haves ... ok
test fetch::known::tests::incomplete_history_cannot_be_offered::case_2_corrupt ... ok
test fetch::known::tests::incomplete_history_cannot_be_offered::case_1_missing ... ok
test fetch::known::tests::rejects_local_work_bounds::case_1_objects ... ok
test fetch::known::tests::rejects_local_work_bounds::case_4_roots ... ok
test fetch::known::tests::rejects_local_work_bounds::case_2_bytes ... ok
test fetch::known::tests::rejects_local_work_bounds::case_3_edges ... ok
test fetch::protocol::tests::accepts_supported_ack_sequences::case_1_nak ... ok
test fetch::protocol::tests::accepts_supported_ack_sequences::case_2_plain ... ok
test fetch::protocol::tests::accepts_supported_ack_sequences::case_3_multi ... ok
test fetch::protocol::tests::rejects_invalid_or_unbounded_ack_sequences::case_1_unknown ... ok
test fetch::protocol::tests::cancellation_after_advertisement_skips_selection ... ok
test fetch::protocol::tests::rejects_invalid_or_unbounded_ack_sequences::case_2_ready ... ok
test fetch::protocol::tests::rejects_invalid_or_unbounded_ack_sequences::case_3_common ... ok
test fetch::protocol::tests::rejects_invalid_or_unbounded_ack_sequences::case_4_truncated ... ok
test fetch::protocol::tests::rejects_invalid_or_unbounded_ack_sequences::case_5_nak_after_continue ... ok
test fetch::protocol::tests::rejects_invalid_or_unbounded_ack_sequences::case_6_duplicate ... ok
test fetch::protocol::tests::rejects_invalid_or_unbounded_ack_sequences::case_7_empty ... ok
test fetch::protocol::tests::rejects_unrequested_multi_ack ... ok
test fetch::tests::accepts_empty_flush_advertisement ... ok
test fetch::tests::empty_server_and_selection_complete_without_pack ... ok
test fetch::tests::exact_byte_and_count_bounds_succeed ... ok
test fetch::tests::flag_cancels_before_io ... ok
test fetch::tests::flag_set_during_progress_cancels ... ok
test fetch::tests::ignores_unrequested_caps_and_accepts_missing_lf ... ok
test fetch::tests::interrupted_read_is_not_retried ... ok
test fetch::tests::interrupted_write_is_not_retried ... ok
test fetch::tests::preserves_remote_errors::case_1_early ... ok
test fetch::tests::preserves_remote_errors::case_2_fatal_band ... ok
test fetch::tests::negotiates_only_supported_capabilities_and_deduplicates_wants ... ok
test fetch::tests::refuses_sha256_advertisement_without_request_bytes ... ok
test fetch::tests::progress_can_cancel ... ok
test fetch::tests::refuses_sha256_selection_without_request_bytes ... ok
test fetch::tests::refuses_unadvertised_want_before_writing ... ok
test fetch::tests::rejects_advertisements::case_2_shallow ... ok
test fetch::tests::rejects_advertisements::case_1_version ... ok
test fetch::tests::rejects_advertisements::case_3_missing_caps ... ok
test fetch::tests::rejects_advertisements::case_4_sha256 ... ok
test fetch::tests::rejects_advertisements::case_5_zero ... ok
test fetch::tests::rejects_advertisements::case_6_bad_name ... ok
test fetch::tests::rejects_advertisements::case_7_unmatched_peeled ... ok
test fetch::tests::rejects_bad_framing::case_1_short_header ... ok
test fetch::tests::rejects_bad_framing::case_2_bad_hex ... ok
test fetch::tests::rejects_bad_framing::case_3_v2_delimiter ... ok
test fetch::tests::rejects_bad_framing::case_4_response_end ... ok
test fetch::tests::rejects_bad_framing::case_5_too_large ... ok
test fetch::tests::rejects_bad_framing::case_6_empty_data ... ok
test fetch::tests::rejects_bad_framing::case_7_short_payload ... ok
test fetch::tests::rejects_corrupt_pack_checksum ... ok
test fetch::tests::rejects_invalid_sideband ... ok
test fetch::tests::rejects_unexpected_negotiation::case_1_ack ... ok
test fetch::tests::rejects_missing_wanted_identity ... ok
test fetch::tests::rejects_unexpected_negotiation::case_2_flush ... ok
test fetch::tests::requires_complete_response::case_1_missing_flush ... ok
test fetch::tests::requires_complete_response::case_2_truncated_pack ... ok
test fetch::tests::requires_complete_response::case_3_trailing ... ok
test fetch::tests::resource_bounds::case_1_wire ... ok
test fetch::tests::resource_bounds::case_2_advertisement ... ok
test fetch::tests::resource_bounds::case_3_refs ... ok
test fetch::tests::resource_bounds::case_4_wants ... ok
test fetch::tests::resource_bounds::case_5_pack ... ok
test fetch::tests::resource_bounds::case_6_objects ... ok
test fetch::tests::resource_bounds::case_7_payload ... ok
test fetch::tests::resource_bounds::case_8_decode ... ok
test fetch::tests::resource_bounds::case_9_work ... ok
test fetch::update::tests::commit_decisions::case_2_forced ... ok
test fetch::update::tests::commit_decisions::case_1_fast_forward ... ok
test fetch::update::tests::reject_unauthorized_rewind::case_2_syntax_only ... ok
test fetch::update::tests::reject_unauthorized_rewind::case_1_neither ... ok
test fetch::update::tests::reject_unauthorized_rewind::case_3_authorization_only ... ok
test fetch::workflow::tests::changed_advertisement_replans_mapping ... ok
test fetch::workflow::tests::mapping_error_selects_nothing_and_preserves_error ... ok
test fetch::workflow::tests::empty_refspec_list_is_a_noop_plan ... ok
test fetch::workflow::tests::rejects_unsupported_destinations::case_1_branch ... ok
test fetch::workflow::tests::rejects_unsupported_destinations::case_2_private ... ok
test fetch::workflow::tests::rejects_unsupported_destinations::case_3_other ... ok
test fetch::workflow::tests::remote_tracking_replacement_defers_object_checks ... ok
test fetch::workflow::tests::tag_decisions::case_1_create ... ok
test fetch::workflow::tests::symbolic_destination_cannot_redirect_to_branch ... ok
test fetch::workflow::tests::tag_decisions::case_3_authorized ... ok
test fetch::workflow::tests::tag_decisions::case_2_same ... ok
test fetch::workflow::tests::tag_replacement_requires_both::case_1_neither ... ok
test fetch::workflow::tests::tag_replacement_requires_both::case_2_syntax_only ... ok
test fetch::workflow::tests::tag_replacement_requires_both::case_3_authorization_only ... ok
test fetch::workflow::tests::wildcard_exclusion_and_source_only_keep_advertised_ids ... ok
test history::tests::discovery_enforces_limit_before_queue_growth ... ok
test history::tests::duplicate_edges_are_acyclic ... ok
test history::tests::rejects_cycles::case_1_self_cycle ... ok
test history::tests::rejects_cycles::case_2_two_node_cycle ... ok
test index::codec::dual_format_tests::all_truncations_and_corrupt_checksum_are_rejected::case_1_sha1 ... ok
test index::codec::dual_format_tests::all_truncations_and_corrupt_checksum_are_rejected::case_2_sha256 ... ok
test index::codec::dual_format_tests::checksum_does_not_hide_truncated_entry_table::case_1_sha1 ... ok
test index::codec::dual_format_tests::checksum_does_not_hide_truncated_entry_table::case_2_sha256 ... ok
test index::codec::dual_format_tests::empty_indexes_require_the_selected_format::case_1_sha1 ... ok
test index::codec::dual_format_tests::empty_indexes_require_the_selected_format::case_2_sha256 ... ok
test index::codec::dual_format_tests::mixed_replacement_preserves_original::case_1_sha1 ... ok
test index::codec::dual_format_tests::mixed_replacement_preserves_original::case_2_sha256 ... ok
test index::codec::dual_format_tests::opaque_extensions_retain_exact_bytes_and_prevent_edits::case_1_sha1 ... ok
test index::codec::dual_format_tests::opaque_extensions_retain_exact_bytes_and_prevent_edits::case_2_sha256 ... ok
test index::codec::format_boundary_tests::rejects_sha256_index_entry ... ok
test index::codec::tests::bounded_parse_and_encode::case_1_bytes ... ok
test index::codec::tests::bounded_parse_and_encode::case_2_entries ... ok
test index::codec::tests::bounded_parse_and_encode::case_3_path ... ok
test index::codec::tests::changed_entries_invalidate_tree_cache ... ok
test index::codec::tests::empty_has_independent_header_and_checksum ... ok
test index::codec::tests::exact_limits_succeed ... ok
test index::codec::tests::extension_count_is_bounded ... ok
test index::codec::tests::failed_edit_preserves_entries_and_extensions ... ok
test index::codec::tests::huge_declared_entry_count_fails_before_allocation ... ok
test index::codec::tests::huge_declared_extension_length_fails_before_allocation ... ok
test index::codec::tests::opaque_extensions_roundtrip_and_block_edits::case_1_resolve_undo ... ok
test index::codec::tests::opaque_extensions_roundtrip_and_block_edits::case_2_unknown ... ok
test index::codec::tests::opaque_extensions_roundtrip_and_block_edits::case_3_fsmonitor ... ok
test index::codec::tests::opaque_extensions_roundtrip_and_block_edits::case_4_offsets ... ok
test index::codec::tests::optional_extension_order_is_preserved ... ok
test index::codec::tests::parsing_never_repairs_order_or_stages::case_1_unsorted ... ok
test index::codec::tests::parsing_never_repairs_order_or_stages::case_2_duplicate ... ok
test index::codec::tests::parsing_never_repairs_order_or_stages::case_3_normal_conflict ... ok
test index::codec::tests::rejects_checksum_damage ... ok
test index::codec::tests::rejects_invalid_paths::case_1_empty ... ok
test index::codec::tests::rejects_invalid_paths::case_2_absolute ... ok
test index::codec::tests::rejects_invalid_paths::case_3_trailing ... ok
test index::codec::tests::rejects_invalid_paths::case_4_double_slash ... ok
test index::codec::tests::rejects_invalid_paths::case_5_dot ... ok
test index::codec::tests::rejects_invalid_paths::case_6_parent ... ok
test index::codec::tests::rejects_invalid_paths::case_7_git ... ok
test index::codec::tests::rejects_invalid_paths::case_8_nul ... ok
test index::codec::tests::rejects_mandatory_extensions::case_1_split ... ok
test index::codec::tests::rejects_mandatory_extensions::case_2_sparse ... ok
test index::codec::tests::rejects_mandatory_extensions::case_3_unknown ... ok
test index::codec::tests::rejects_resigned_corruption::case_1_signature ... ok
test index::codec::tests::rejects_resigned_corruption::case_2_name_length ... ok
test index::codec::tests::rejects_resigned_corruption::case_3_padding ... ok
test index::codec::tests::rejects_resigned_corruption::case_4_extended_flags ... ok
test index::codec::tests::rejects_resigned_corruption::case_5_mode ... ok
test index::codec::tests::rejects_resigned_corruption::case_6_path ... ok
test index::codec::tests::rejects_resigned_corruption::case_7_count ... ok
test index::codec::tests::rejects_resigned_truncated_entry::case_1_short_entry ... ok
test index::codec::tests::rejects_resigned_truncated_entry::case_2_short_padding ... ok
test index::codec::tests::rejects_resigned_truncated_extension::case_1_header ... ok
test fetch::import::git_format_tests::imports_git_deltas_and_git_verifies_generated_index::case_4_sha256_ofs ... ok
test index::codec::tests::rejects_resigned_truncated_extension::case_2_payload ... ok
test index::codec::tests::rejects_stage_relationships::case_1_duplicate ... ok
test index::codec::tests::rejects_stage_relationships::case_2_normal_conflict ... ok
test fetch::import::git_format_tests::imports_git_deltas_and_git_verifies_generated_index::case_3_sha1_ofs ... ok
test index::codec::tests::rejects_truncated_input::case_1_empty ... ok
test index::codec::tests::rejects_stage_relationships::case_3_duplicate_conflict ... ok
test index::codec::tests::rejects_truncated_input::case_2_header ... ok
test index::codec::tests::rejects_truncated_input::case_4_entry ... ok
test index::codec::tests::rejects_truncated_input::case_5_one_byte ... ok
test index::codec::tests::rejects_truncated_input::case_3_checksum ... ok
test index::codec::tests::rejects_versions::case_1_v1 ... ok
test index::codec::tests::rejects_versions::case_2_v3 ... ok
test index::codec::tests::rejects_versions::case_3_v4 ... ok
test index::codec::tests::rejects_versions::case_4_unknown ... ok
test index::codec::tests::retains_modes_flags_and_every_stat_word::case_1_regular ... ok
test index::codec::tests::retains_modes_flags_and_every_stat_word::case_2_executable ... ok
test index::codec::tests::retains_modes_flags_and_every_stat_word::case_4_gitlink ... ok
test index::codec::tests::retains_modes_flags_and_every_stat_word::case_3_symlink ... ok
test index::codec::tests::retains_path_bytes_without_checkout_validation::case_1_non_utf8 ... ok
test index::codec::tests::retains_path_bytes_without_checkout_validation::case_4_below_boundary ... ok
test index::codec::tests::retains_path_bytes_without_checkout_validation::case_3_length_boundary ... ok
test index::codec::tests::retains_path_bytes_without_checkout_validation::case_5_padding_one ... ok
test index::codec::tests::retains_path_bytes_without_checkout_validation::case_2_long ... ok
test index::codec::tests::retains_path_bytes_without_checkout_validation::case_6_padding_eight ... ok
test index::codec::tests::retains_path_bytes_without_checkout_validation::case_7_platform_unsafe ... ok
test index::codec::tests::sorts_partial_conflict_stages ... ok
test index::codec::tests::validates_prefix_relationships::case_1_same_stage ... ok
test index::codec::tests::validates_prefix_relationships::case_2_normal_parent ... ok
test index::codec::tests::validates_prefix_relationships::case_3_normal_child ... ok
test index::codec::tests::validates_prefix_relationships::case_4_directory_file_conflict ... ok
test index::store::tests::absent_is_distinct_from_published_empty::case_2_sha256 ... ok
test fetch::import::git_format_tests::imports_git_deltas_and_git_verifies_generated_index::case_1_sha1_ref ... ok
test index::store::tests::absent_is_distinct_from_published_empty::case_1_sha1 ... ok
test index::store::tests::bounded_read_preserves_storage::case_1_sha1 ... ok
test fetch::import::git_format_tests::imports_git_deltas_and_git_verifies_generated_index::case_2_sha256_ref ... ok
test index::store::tests::bounded_read_preserves_storage::case_2_sha256 ... ok
test index::store::tests::detects_deleted_original::case_1_sha1 ... ok
test index::store::tests::detects_deleted_original::case_2_sha256 ... ok
test index::store::tests::detects_noncooperating_writer::case_1_created_sha1 ... ok
test index::store::tests::detects_noncooperating_writer::case_2_created_sha256 ... ok
test index::store::tests::directory_is_not_a_missing_index::case_2_sha256 ... ok
test index::store::tests::detects_noncooperating_writer::case_3_modified_sha1 ... ok
test index::store::tests::directory_is_not_a_missing_index::case_1_sha1 ... ok
test index::store::tests::detects_noncooperating_writer::case_4_modified_sha256 ... ok
test index::store::tests::explicit_abort_does_not_remove_replaced_lock::case_1_sha1 ... ok
test index::store::tests::encoding_failure_preserves_original::case_1_sha1 ... ok
test index::store::tests::encoding_failure_preserves_original::case_2_sha256 ... ok
test index::store::tests::explicit_abort_does_not_remove_replaced_lock::case_2_sha256 ... ok
test index::store::tests::foreign_lock_is_never_removed::case_1_sha1 ... ok
test index::store::tests::foreign_lock_is_never_removed::case_2_sha256 ... ok
test index::store::tests::invalid_edit_preserves_snapshot_and_storage::case_1_sha1 ... ok
test index::store::tests::invalid_read_releases_lock::case_2_sha256 ... ok
test index::store::tests::invalid_read_releases_lock::case_1_sha1 ... ok
test index::store::tests::invalid_edit_preserves_snapshot_and_storage::case_2_sha256 ... ok
test index::store::tests::lock_contention_and_drop_preserve_original::case_2_sha256 ... ok
test index::store::tests::lock_contention_and_drop_preserve_original::case_1_sha1 ... ok
test index::store::tests::publication_preserves_stat_words_and_invalidates_timestamp_trust::case_1_sha1 ... ok
test index::store::tests::publication_preserves_stat_words_and_invalidates_timestamp_trust::case_2_sha256 ... ok
test index::store::tests::rename_failure_preserves_original::case_2_sha256 ... ok
test index::store::tests::symlink_index_is_rejected_without_following_it::case_1_sha1 ... ok
test index::store::tests::rename_failure_preserves_original::case_1_sha1 ... ok
test index::store::tests::write_failure_preserves_original::case_1_sha1 ... ok
test loose::commit_storage_tests::bounds_commit_decompression_before_parsing ... ok
test index::store::tests::symlink_index_is_rejected_without_following_it::case_2_sha256 ... ok
test loose::commit_storage_tests::commit_write_preserves_corrupt_file_and_cleans_temporary ... ok
test index::store::tests::write_failure_preserves_original::case_2_sha256 ... ok
test loose::commit_storage_tests::duplicate_commit_preserves_file_and_cleans_temporary ... ok
test loose::commit_storage_tests::failed_commit_publication_cleans_temporary ... ok
test loose::commit_storage_tests::reads_commit_at_exact_payload_limit::case_1_root ... ok
test loose::commit_storage_tests::rejects_blob_through_commit_reader ... ok
test loose::commit_storage_tests::rejects_corrupt_commit_framing::case_2_missing_length ... ok
test loose::commit_storage_tests::rejects_corrupt_commit_framing::case_1_missing_terminator ... ok
test loose::commit_storage_tests::concurrent_commit_writes_publish_one_object ... ok
test loose::commit_storage_tests::rejects_corrupt_commit_framing::case_3_leading_zero ... ok
test loose::commit_storage_tests::rejects_commit_one_byte_over_limit ... ok
test loose::commit_storage_tests::rejects_corrupt_commit_framing::case_5_wrong_identity ... ok
test loose::commit_storage_tests::rejects_corrupt_commit_framing::case_4_mismatched_length ... ok
test loose::commit_storage_tests::reports_commit_parse_error_after_identity_verification::case_1_separator ... ok
test loose::commit_storage_tests::reports_missing_commit_without_creating_storage ... ok
test loose::commit_storage_tests::reports_commit_parse_error_after_identity_verification::case_2_identity ... ok
test loose::dual_format_tests::concurrent_publication_returns_same_identity::case_1_sha1 ... ok
test loose::dual_format_tests::foreign_objects_fail_before_creating_storage::case_1_sha1 ... ok
test loose::dual_format_tests::failed_publication_preserves_destination::case_1_sha1 ... ok
test loose::dual_format_tests::concurrent_publication_returns_same_identity::case_2_sha256 ... ok
test loose::dual_format_tests::foreign_objects_fail_before_creating_storage::case_2_sha256 ... ok
test loose::dual_format_tests::foreign_commit_payload_is_not_reinterpreted ... ok
test loose::dual_format_tests::failed_publication_preserves_destination::case_2_sha256 ... ok
test loose::format_boundary_tests::rejects_sha256_before_accessing_missing_storage ... ok
test loose::dual_format_tests::limits_duplicates_corruption_and_cleanup::case_1_sha1 ... ok
test loose::dual_format_tests::limits_duplicates_corruption_and_cleanup::case_2_sha256 ... ok
test loose::tag_storage_tests::bounds_tag_decompression_before_parsing ... ok
test loose::tag_storage_tests::failed_tag_publication_cleans_temporary ... ok
test loose::tag_storage_tests::reads_tag_at_exact_payload_limit::case_1_annotated ... ok
test loose::tag_storage_tests::duplicate_tag_preserves_file_and_cleans_temporary ... ok
test loose::tag_storage_tests::concurrent_tag_writes_publish_one_object ... ok
test loose::tag_storage_tests::rejects_blob_through_tag_reader ... ok
test loose::tag_storage_tests::rejects_corrupt_tag_framing::case_1_missing_terminator ... ok
test loose::tag_storage_tests::rejects_corrupt_tag_framing::case_2_missing_length ... ok
test loose::tag_storage_tests::rejects_corrupt_tag_framing::case_4_mismatched_length ... ok
test loose::tag_storage_tests::rejects_tag_one_byte_over_limit ... ok
test loose::tag_storage_tests::rejects_corrupt_tag_framing::case_5_wrong_identity ... ok
test loose::tag_storage_tests::reports_missing_tag_without_creating_storage ... ok
test loose::tag_storage_tests::rejects_corrupt_tag_framing::case_3_leading_zero ... ok
test loose::tests::bounds_tree_decompression_before_parsing ... ok
test loose::tag_storage_tests::reports_tag_parse_error_after_identity_verification::case_2_identity ... ok
test loose::tag_storage_tests::reports_tag_parse_error_after_identity_verification::case_1_separator ... ok
test loose::tag_storage_tests::tag_write_preserves_corrupt_file_and_cleans_temporary ... ok
test loose::tests::distinguishes_unknown_header_kind_from_wrong_requested_kind ... ok
test loose::tests::failed_tree_publication_cleans_temporary ... ok
test loose::tests::duplicate_tree_preserves_file_and_cleans_temporary ... ok
test loose::tests::concurrent_tree_writes_publish_one_object ... ok
test loose::tests::rejects_corrupt_tree_framing::case_1_missing_terminator ... ok
test loose::tests::reads_tree_at_exact_payload_limit::case_2_one_entry ... ok
test loose::tests::reads_tree_at_exact_payload_limit::case_1_empty ... ok
test loose::tests::rejects_corrupt_tree_framing::case_3_leading_zero ... ok
test loose::tests::rejects_corrupt_tree_framing::case_2_missing_length ... ok
test loose::tests::rejects_corrupt_tree_framing::case_4_mismatched_length ... ok
test loose::tests::rejects_corrupt_tree_framing::case_5_wrong_identity ... ok
test loose::tests::reports_missing_tree_without_creating_storage ... ok
test loose::tests::rejects_blob_through_tree_reader ... ok
test loose::tests::rejects_tree_one_byte_over_limit ... ok
test loose::tests::reports_tree_parse_error_after_identity_verification::case_3_truncated_id ... ok
test loose::tests::reports_tree_parse_error_after_identity_verification::case_2_missing_name ... ok
test loose::tests::reports_tree_parse_error_after_identity_verification::case_1_missing_mode ... ok
test loose::tests::selects_sha256_without_creating_the_directory ... ok
test object::format_tests::mixed_format_keys_preserve_all_bytes ... ok
test object::format_tests::preserves_full_digest_and_null::case_1_sha1 ... ok
test loose::tests::selects_sha1_without_creating_the_directory ... ok
test object::format_tests::preserves_full_digest_and_null::case_2_sha256 ... ok
test object::format_tests::rejects_invalid_hex::case_1_short_sha1 ... ok
test object::format_tests::rejects_invalid_hex::case_2_long_sha1 ... ok
test object::format_tests::rejects_invalid_hex::case_3_short_sha256 ... ok
test object::format_tests::rejects_invalid_hex::case_4_long_sha256 ... ok
test object::format_tests::rejects_invalid_hex::case_5_invalid_sha256 ... ok
test object::format_tests::rejects_invalid_hex::case_6_unicode_sha256 ... ok
test object::format_tests::rejects_other_formats_hex::case_1_sha1 ... ok
test object::format_tests::rejects_other_formats_hex::case_2_sha256 ... ok
test object::format_tests::rejects_wrong_raw_width::case_1_sha1_short ... ok
test object::format_tests::rejects_wrong_raw_width::case_2_sha1_long ... ok
test object::format_tests::rejects_wrong_raw_width::case_3_sha1_other ... ok
test object::format_tests::rejects_wrong_raw_width::case_4_sha256_short ... ok
test object::format_tests::rejects_wrong_raw_width::case_5_sha256_long ... ok
test object::format_tests::rejects_wrong_raw_width::case_6_sha256_other ... ok
test loose::tests::tree_write_preserves_corrupt_file_and_cleans_temporary ... ok
test object::tests::displays_git_object_format_names::case_1_sha1 ... ok
test object::tests::displays_git_object_format_names::case_2_sha256 ... ok
test object::tests::encodes_and_identifies_blob_bytes::case_1_nine_bytes ... ok
test object::tests::encodes_and_identifies_blob_bytes::case_2_ten_bytes ... ok
test object::tests::encodes_and_identifies_blob_bytes::case_3_ninety_nine_bytes ... ok
test object::tests::encodes_and_identifies_blob_bytes::case_4_one_hundred_bytes ... ok
test object::tests::encodes_and_identifies_blob_bytes::case_5_all_byte_values ... ok
test object::tests::parses_full_sha1_identifiers::case_1_lowercase ... ok
test object::tests::parses_full_sha1_identifiers::case_2_uppercase ... ok
test object::tests::preserves_raw_identity_bytes ... ok
test object::tests::rejects_invalid_sha1_identifiers::case_1_abbreviated ... ok
test object::tests::rejects_invalid_sha1_identifiers::case_2_non_hexadecimal ... ok
test object::tests::rejects_invalid_sha1_identifiers::case_3_non_ascii ... ok
test pack::compression::tests::copy_vectors::case_1_one ... ok
test pack::compression::tests::copy_vectors::case_2_implicit_64k ... ok
test pack::compression::tests::copy_vectors::case_3_all_offset_bytes ... ok
test pack::compression::tests::copy_vectors::case_4_sparse_offset ... ok
test pack::compression::tests::copy_vectors::case_5_max_copy ... ok
test pack::compression::tests::copy_vectors::case_6_split_copy ... ok
test pack::compression::tests::insert_boundaries::case_1_empty ... ok
test pack::compression::tests::cancellation_interrupts_search ... ok
test pack::compression::tests::insert_boundaries::case_2_one ... ok
test pack::compression::tests::insert_boundaries::case_3_maximum ... ok
test pack::compression::tests::insert_boundaries::case_4_split ... ok
test pack::compression::tests::instructions_restore_exact_bytes::case_1_empty ... ok
test pack::compression::tests::instructions_restore_exact_bytes::case_2_tiny ... ok
test pack::compression::tests::instructions_restore_exact_bytes::case_4_dissimilar ... ok
test pack::compression::tests::size_vectors::case_1_zero ... ok
test pack::compression::tests::size_vectors::case_2_seven_bits ... ok
test pack::compression::tests::instructions_restore_exact_bytes::case_3_repeated ... ok
test pack::compression::tests::size_vectors::case_3_eight_bits ... ok
test pack::compression::tests::size_vectors::case_4_sixteen_bits ... ok
test pack::compression::tests::work_exhaustion_discards_partial_program ... ok
test pack::tests::accepts_empty_pack_and_reports_index_miss::case_1_sha1 ... ok
test pack::tests::accepts_empty_pack_and_reports_index_miss::case_2_sha256 ... ok
test pack::compression::tests::instructions_restore_exact_bytes::case_5_binary ... ok
test pack::tests::charges_reconstruction_against_cumulative_limit ... ok
test pack::tests::decodes_copy_offset_without_low_byte ... ok
test pack::tests::decodes_sparse_copy_operands_and_default_copy_length ... ok
test pack::tests::delta_inherits_base_kind::case_1_tree_sha1 ... ok
test pack::tests::delta_inherits_base_kind::case_2_tree_sha256 ... ok
test pack::tests::delta_inherits_base_kind::case_3_commit_sha1 ... ok
test pack::tests::delta_inherits_base_kind::case_4_commit_sha256 ... ok
test pack::tests::delta_inherits_base_kind::case_5_tag_sha1 ... ok
test pack::tests::detects_ref_cycles_without_recursion::case_1_sha1 ... ok
test pack::tests::delta_inherits_base_kind::case_6_tag_sha256 ... ok
test pack::tests::detects_ref_cycles_without_recursion::case_2_sha256 ... ok
test pack::tests::enforces_read_limits::case_1_payload_sha1 ... ok
test pack::tests::enforces_read_limits::case_2_payload_sha256 ... ok
test pack::tests::enforces_read_limits::case_3_program_sha1 ... ok
test pack::tests::enforces_read_limits::case_6_depth_sha256 ... ok
test pack::tests::enforces_read_limits::case_7_cumulative_sha1 ... ok
test pack::tests::enforces_read_limits::case_8_cumulative_sha256 ... ok
test pack::tests::enforces_reconstructed_size_before_allocation ... ok
test pack::tests::overflowing_word_offset_returns_corruption ... ok
test pack::tests::permits_exact_depth_and_decode_budget::case_1_sha1 ... ok
test pack::tests::permits_exact_depth_and_decode_budget::case_2_sha256 ... ok
test pack::tests::enforces_read_limits::case_4_program_sha256 ... ok
test pack::tests::reconstructs_delta::case_1_ofs_sha1 ... ok
test pack::tests::enforces_read_limits::case_5_depth_sha1 ... ok
test pack::tests::reconstructs_delta::case_2_ofs_sha256 ... ok
test pack::tests::reconstructs_delta::case_3_reference_sha1 ... ok
test pack::tests::rejects_bad_entry_payloads::case_1_wrong_length_sha1 ... ok
test pack::tests::rejects_bad_entry_payloads::case_2_wrong_length_sha256 ... ok
test pack::tests::reconstructs_delta::case_4_reference_sha256 ... ok
test pack::tests::rejects_bad_entry_payloads::case_4_too_long_sha256 ... ok
test pack::tests::rejects_bad_entry_payloads::case_3_too_long_sha1 ... ok
test pack::tests::rejects_bad_entry_payloads::case_5_wrong_identity_sha1 ... ok
test pack::tests::rejects_bad_entry_payloads::case_6_wrong_identity_sha256 ... ok
test pack::tests::rejects_bad_ofs_bases::case_2_zero_distance_sha256 ... ok
test pack::tests::rejects_bad_ofs_bases::case_3_before_pack_sha1 ... ok
test pack::tests::rejects_bad_ofs_bases::case_1_zero_distance_sha1 ... ok
test pack::tests::rejects_bad_ofs_bases::case_4_before_pack_sha256 ... ok
test pack::tests::rejects_bad_ofs_bases::case_5_inside_entry_sha1 ... ok
test pack::tests::rejects_bad_ofs_bases::case_6_inside_entry_sha256 ... ok
test pack::tests::rejects_bad_ofs_bases::case_7_overflow_sha1 ... ok
test pack::tests::rejects_bad_ofs_bases::case_8_overflow_sha256 ... ok
test pack::tests::rejects_duplicate_index_ids::case_1_sha1 ... ok
test pack::tests::rejects_duplicate_index_ids::case_2_sha256 ... ok
test pack::tests::rejects_duplicate_pack_offsets::case_1_sha1 ... ok
test pack::tests::rejects_duplicate_pack_offsets::case_2_sha256 ... ok
test pack::tests::rejects_external_base_even_when_it_exists_in_another_pack::case_1_sha1 ... ok
test pack::tests::rejects_headerless_index_v1::case_1_sha1 ... ok
test pack::tests::rejects_headerless_index_v1::case_2_sha256 ... ok
test pack::tests::rejects_index_checksum::case_1_sha1 ... ok
test pack::tests::rejects_index_checksum::case_2_sha256 ... ok
test pack::tests::rejects_index_pack_disagreement::case_1_sha1 ... ok
test pack::tests::rejects_index_pack_disagreement::case_2_sha256 ... ok
test pack::tests::rejects_invalid_delta_programs::case_1_reserved ... ok
test pack::tests::rejects_external_base_even_when_it_exists_in_another_pack::case_2_sha256 ... ok
test pack::tests::rejects_invalid_delta_programs::case_4_truncated_copy ... ok
test pack::tests::rejects_invalid_delta_programs::case_2_base_length ... ok
test pack::tests::rejects_invalid_delta_programs::case_3_copy_bounds ... ok
test pack::tests::rejects_invalid_delta_programs::case_5_truncated_insert ... ok
test pack::tests::rejects_invalid_delta_programs::case_6_short_result ... ok
test pack::tests::rejects_invalid_delta_programs::case_7_long_result ... ok
test pack::tests::rejects_invalid_delta_programs::case_8_size_overflow ... ok
test pack::tests::rejects_invalid_index_fields::case_01_fanout_sha1 ... ok
test pack::tests::rejects_invalid_index_fields::case_03_offset_header_sha1 ... ok
test pack::tests::rejects_invalid_index_fields::case_02_fanout_sha256 ... ok
test pack::tests::rejects_invalid_index_fields::case_04_offset_header_sha256 ... ok
test pack::tests::rejects_invalid_index_fields::case_05_offset_past_pack_sha1 ... ok
test pack::tests::rejects_invalid_index_fields::case_06_offset_past_pack_sha256 ... ok
test pack::tests::rejects_invalid_index_fields::case_09_large_slot_sha1 ... ok
test pack::tests::rejects_invalid_index_fields::case_07_offset_gap_sha1 ... ok
test pack::tests::rejects_invalid_index_fields::case_08_offset_gap_sha256 ... ok
test pack::tests::rejects_invalid_index_fields::case_10_large_slot_sha256 ... ok
test pack::tests::rejects_invalid_index_fields::case_11_crc_sha1 ... ok
test pack::tests::rejects_invalid_index_fields::case_12_crc_sha256 ... ok
test pack::tests::rejects_missing_ref_base::case_1_sha1 ... ok
test pack::tests::rejects_missing_ref_base::case_2_sha256 ... ok
test pack::tests::rejects_pack_checksum::case_1_sha1 ... ok
test pack::tests::rejects_pack_checksum::case_2_sha256 ... ok
test pack::tests::rejects_pack_count_mismatch::case_1_sha1 ... ok
test pack::tests::rejects_pack_count_mismatch::case_2_sha256 ... ok
test pack::tests::rejects_reserved_kinds::case_1_invalid_sha1 ... ok
test pack::tests::rejects_reserved_kinds::case_2_invalid_sha256 ... ok
test pack::tests::rejects_reserved_kinds::case_3_reserved_sha1 ... ok
test pack::tests::rejects_truncated_entry_metadata::case_1_truncated_size_sha1 ... ok
test pack::tests::rejects_reserved_kinds::case_4_reserved_sha256 ... ok
test pack::tests::rejects_truncated_entry_metadata::case_2_truncated_size_sha256 ... ok
test pack::tests::rejects_truncated_entry_metadata::case_3_overflowing_size_sha1 ... ok
test pack::tests::rejects_truncated_entry_metadata::case_4_overflowing_size_sha256 ... ok
test pack::tests::rejects_truncated_entry_metadata::case_5_truncated_reference_sha1 ... ok
test pack::tests::rejects_truncated_entry_metadata::case_6_truncated_reference_sha256 ... ok
test pack::tests::rejects_truncated_entry_metadata::case_7_truncated_offset_sha1 ... ok
test pack::tests::rejects_truncated_entry_metadata::case_8_truncated_offset_sha256 ... ok
test pack::tests::rejects_truncated_indexes::case_01_short_header_sha1 ... ok
test pack::tests::rejects_truncated_indexes::case_02_short_header_sha256 ... ok
test pack::tests::rejects_truncated_indexes::case_03_short_version_sha1 ... ok
test pack::tests::rejects_truncated_indexes::case_05_short_fanout_sha1 ... ok
test pack::tests::rejects_truncated_indexes::case_06_short_fanout_sha256 ... ok
test pack::tests::rejects_truncated_indexes::case_04_short_version_sha256 ... ok
test pack::tests::rejects_truncated_indexes::case_08_short_ids_sha256 ... ok
test pack::tests::rejects_truncated_indexes::case_10_short_trailer_sha256 ... ok
test pack::tests::rejects_truncated_indexes::case_07_short_ids_sha1 ... ok
test pack::tests::rejects_truncated_indexes::case_09_short_trailer_sha1 ... ok
test pack::tests::rejects_truncated_packs::case_1_zero_sha1 ... ok
test pack::tests::rejects_truncated_packs::case_2_zero_sha256 ... ok
test pack::tests::rejects_truncated_packs::case_3_header_sha1 ... ok
test pack::tests::rejects_truncated_packs::case_4_header_sha256 ... ok
test pack::tests::rejects_truncated_packs::case_5_trailer_sha1 ... ok
test pack::tests::rejects_truncated_packs::case_6_trailer_sha256 ... ok
test pack::tests::rejects_truncated_packs::case_7_entry_sha1 ... ok
test pack::tests::rejects_truncated_packs::case_8_entry_sha256 ... ok
test pack::tests::rejects_unsorted_index_ids::case_1_sha1 ... ok
test pack::tests::rejects_unsorted_index_ids::case_2_sha256 ... ok
test pack::tests::rejects_unsupported_index_versions::case_1_legacy_sha1 ... ok
test pack::tests::rejects_unsupported_index_versions::case_2_legacy_sha256 ... ok
test pack::tests::rejects_unsupported_index_versions::case_3_future_sha1 ... ok
test pack::tests::rejects_unsupported_pack_versions::case_1_legacy_sha1 ... ok
test pack::tests::rejects_unsupported_pack_versions::case_2_legacy_sha256 ... ok
test pack::tests::rejects_unsupported_index_versions::case_4_future_sha256 ... ok
test pack::tests::rejects_unsupported_pack_versions::case_3_recognized_but_unsupported_sha1 ... ok
test pack::tests::rejects_unsupported_pack_versions::case_4_recognized_but_unsupported_sha256 ... ok
test pack::tests::rejects_wrong_format_even_for_empty_pack::case_1_sha1 ... ok
test pack::tests::rejects_wrong_format_even_for_empty_pack::case_2_sha256 ... ok
test pack::tests::resolves_forward_reference_and_nested_deltas::case_2_sha256 ... ok
test pack::tests::resolves_forward_reference_and_nested_deltas::case_1_sha1 ... ok
test pack::tests::returns_exact_kind_and_payload::case_1_blob_sha1 ... ok
test pack::tests::returns_exact_kind_and_payload::case_3_tree_sha1 ... ok
test pack::tests::returns_exact_kind_and_payload::case_2_blob_sha256 ... ok
test pack::tests::returns_exact_kind_and_payload::case_4_tree_sha256 ... ok
test pack::tests::returns_exact_kind_and_payload::case_5_commit_sha1 ... ok
test pack::tests::returns_exact_kind_and_payload::case_7_tag_sha1 ... ok
test pack::tests::returns_exact_kind_and_payload::case_8_tag_sha256 ... ok
test pack::tests::returns_exact_kind_and_payload::case_6_commit_sha256 ... ok
test pack::tests::supports_index_large_offset_table::case_1_sha1 ... ok
test pack::tests::supports_index_large_offset_table::case_2_sha256 ... ok
test pack::tests::validates_intermediate_identity::case_1_sha1 ... ok
test pack::tests::validates_zlib_even_with_valid_pack_checksums::case_1_truncated_sha1 ... ok
test pack::tests::validates_intermediate_identity::case_2_sha256 ... ok
test pack::tests::validates_zlib_even_with_valid_pack_checksums::case_2_truncated_sha256 ... ok
test pack::tests::validates_zlib_even_with_valid_pack_checksums::case_3_trailing_sha1 ... ok
test pack::tests::validates_zlib_even_with_valid_pack_checksums::case_5_checksum_sha1 ... ok
test pack::tests::validates_zlib_even_with_valid_pack_checksums::case_6_checksum_sha256 ... ok
test pack::tests::validates_zlib_even_with_valid_pack_checksums::case_4_trailing_sha256 ... ok
test pack::tests::verifies_delta_result_identity_after_valid_base::case_2_sha256 ... ok
test pack::tests::verifies_delta_result_identity_after_valid_base::case_1_sha1 ... ok
test pack::write::cancellation_tests::prevalidation_cancellation_leaves_both_outputs_untouched ... ok
test pack::tests::bounds_long_chains_without_recursive_calls::case_1_sha1 ... ok
test content_diff::tests::large_unrelated_input_returns_a_limit_not_a_partial_script ... ok
test pack::tests::bounds_long_chains_without_recursive_calls::case_2_sha256 ... ok
test fetch::local::tests::deadline_interrupts_fetch_phases::case_1_advertisement ... ok
test pack::write::compression_tests::invalid_identity_precedes_delta_output ... ok
test fetch::local::tests::deadline_interrupts_fetch_phases::case_3_exit_wait ... ok
test fetch::local::tests::deadline_interrupts_fetch_phases::case_2_after_advertisement ... ok
test pack::write::compression_tests::different_kinds_are_never_candidates ... ok
test pack::write::compression_tests::matching_is_byte_oriented_for_every_kind::case_1_blob ... ok
test pack::write::compression_tests::matching_is_byte_oriented_for_every_kind::case_3_commit ... ok
test pack::write::compression_tests::matching_is_byte_oriented_for_every_kind::case_2_tree ... ok
test pack::write::compression_tests::bounded_deterministic_internal_dependencies::case_1_one ... ok
test pack::write::compression_tests::exhausted_later_candidate_retains_completed_delta ... ok
test pack::write::compression_tests::matching_is_byte_oriented_for_every_kind::case_4_tag ... ok
test pack::write::compression_tests::bounded_deterministic_internal_dependencies::case_3_default ... ok
test pack::write::compression_tests::bounded_deterministic_internal_dependencies::case_2_two ... ok
test pack::write::compression_tests::delta_output_bound_includes_base_id_and_trailer ... ok
test pack::write::compression_tests::short_objects_cannot_recover_ref_delta_overhead ... ok
test pack::write::dual_format_tests::cancellation_during_validation_has_no_output::case_1_sha1 ... ok
test pack::write::compression_tests::objects_above_search_size_remain_streaming ... ok
test pack::write::dual_format_tests::cancellation_during_validation_has_no_output::case_2_sha256 ... ok
test pack::write::dual_format_tests::empty_artifact_bounds_include_both_trailers::case_1_sha1 ... ok
test pack::write::dual_format_tests::empty_artifact_bounds_include_both_trailers::case_2_sha256 ... ok
test pack::write::dual_format_tests::failed_pack_flush_leaves_index_untouched::case_2_sha256 ... ok
test pack::write::dual_format_tests::failed_pack_flush_leaves_index_untouched::case_1_sha1 ... ok
test pack::write::dual_format_tests::rejects_mixed_inputs_before_either_sink::case_1_sha1 ... ok
test pack::write::format_boundary_tests::rejects_sha256_before_writing_pack_or_index ... ok
test pack::write::dual_format_tests::rejects_mixed_inputs_before_either_sink::case_2_sha256 ... ok
test pack::write::tests::conflicting_duplicates_leave_outputs_untouched ... ok
test pack::write::tests::empty_set_accepts_zero_input_budgets ... ok
test pack::write::tests::input_bounds_precede_output::case_1_count ... ok
test pack::write::tests::input_bounds_precede_output::case_2_individual ... ok
test pack::write::tests::input_bounds_precede_output::case_3_total_duplicates ... ok
test pack::write::tests::invalid_identity_leaves_outputs_untouched::case_1_wrong_id ... ok
test pack::write::tests::invalid_identity_leaves_outputs_untouched::case_2_wrong_kind ... ok
test pack::write::tests::order_and_exact_duplicates_do_not_change_artifacts ... ok
test pack::write::tests::exact_limits_succeed ... ok
test pack::write::tests::original_size_header_vectors::case_1_empty ... ok
test pack::write::tests::original_size_header_vectors::case_2_fifteen ... ok
test pack::write::tests::original_size_header_vectors::case_3_sixteen ... ok
test pack::write::tests::original_size_header_vectors::case_4_two_kib ... ok
test pack::write::tests::original_size_header_vectors::case_5_maximum ... ok
test pack::write::tests::output_bounds_never_overrun::case_1_pack_header ... ok
test pack::write::compression_tests::ordinary_fallback_is_byte_identical::case_1_window ... ok
test pack::write::tests::output_bounds_never_overrun::case_2_compressed_entry ... ok
test pack::write::tests::output_bounds_never_overrun::case_3_index_header ... ok
test pack::write::compression_tests::ordinary_fallback_is_byte_identical::case_4_size ... ok
test pack::write::tests::payload_syntax_is_preserved_without_parsing::case_1_tree ... ok
test pack::write::tests::output_bounds_never_overrun::case_4_index_trailer ... ok
test pack::write::tests::payload_syntax_is_preserved_without_parsing::case_2_commit ... ok
test pack::write::tests::output_counter_overflow_fails_before_sink ... ok
test pack::write::compression_tests::ordinary_fallback_is_byte_identical::case_3_depth ... ok
test pack::write::tests::sink_failures_are_reported::case_1_pack_write ... ok
test pack::write::tests::sink_failures_are_reported::case_2_pack_flush ... ok
test pack::write::tests::sink_failures_are_reported::case_3_index_write ... ok
test pack::write::tests::synthetic_large_offsets_use_ordered_64_bit_table ... ok
test pack::write::tests::sink_failures_are_reported::case_4_index_flush ... ok
test pack::write::tests::payload_syntax_is_preserved_without_parsing::case_3_tag ... ok
test pack::write::tests::short_writes_preserve_checksums ... ok
test pack::write::tests::zero_progress_sink_returns_write_zero ... ok
test peel::tests::byte_budget_is_checked_even_for_a_misbehaving_reader ... ok
test peel::tests::cancellation_after_read_prevents_target_following ... ok
test peel::tests::cycle_retains_failing_link::format_2_ObjectFormat__Sha256 ... ok
test peel::tests::cycle_retains_failing_link::format_1_ObjectFormat__Sha1 ... ok
test pack::write::compression_tests::ordinary_fallback_is_byte_identical::case_5_work ... ok
test pack::write::compression_tests::ordinary_fallback_is_byte_identical::case_7_savings ... ok
test pack::write::compression_tests::ordinary_fallback_is_byte_identical::case_6_exhausted ... ok
test push::local::tests::protocol_rejection_is_not_replaced_by_cleanup_deadline ... ok
test push::local::tests::cancellation_preserves_acknowledged_prefix ... ok
test push::tests::advertised_have_can_prove_exclusion_without_matching_a_command ... ok
test push::local::tests::early_status_limit_preserves_retained_acknowledgement ... ok
test push::tests::ancestry_budget_charges_duplicate_parent_edges ... ok
test push::tests::bounds_advertised_refs_and_accepts_unselected_have_entries ... ok
test push::tests::bounds_command_count_and_encoded_bytes_exactly ... ok
test push::tests::bounds_advertisement_and_status_before_allocating_packets ... ok
test push::tests::bounds_edges_and_ancestry_proof ... ok
test push::tests::bounds_generated_pack_and_index ... ok
test push::tests::bounds_receiver_root_occurrences ... ok
test push::tests::bounds_selected_objects_and_bytes::case_1_count ... ok
test push::tests::bounds_selected_objects_and_bytes::case_3_object ... ok
test push::tests::bounds_selected_objects_and_bytes::case_2_payload ... ok
test push::tests::bounds_selected_objects_and_bytes::case_4_exact ... ok
test push::tests::branch_requires_commit_even_with_force ... ok
test push::tests::empty_push_only_flushes ... ok
test push::tests::cancellation_before_and_during_transmission_has_distinct_outcomes ... ok
test push::tests::exact_wire_budgets_allow_complete_report ... ok
test push::tests::excludes_nested_tags_and_skips_external_gitlinks ... ok
test push::tests::exclusion_requires_selected_graph_to_be_complete ... ok
test push::tests::incomplete_multi_ref_report_keeps_unknown_distinct_from_rejected ... ok
test push::tests::interrupted_io_is_not_retried_and_is_classified_by_phase ... ok
test push::tests::interrupted_read_during_report_is_uncertain ... ok
test push::tests::invalid_advertisement_never_sends_commands::case_1_version ... ok
test push::tests::invalid_advertisement_never_sends_commands::case_2_header ... ok
test push::tests::invalid_advertisement_never_sends_commands::case_3_length ... ok
test push::tests::invalid_advertisement_never_sends_commands::case_4_truncated ... ok
test push::tests::invalid_advertisement_never_sends_commands::case_5_missing ... ok
test push::tests::later_output_failures_are_uncertain::case_2_flush ... ok
test push::tests::later_output_failures_are_uncertain::case_1_pack ... ok
test push::tests::malformed_reachable_payload_is_rejected::case_1_tree ... ok
test push::tests::malformed_reachable_payload_is_rejected::case_2_commit ... ok
test push::tests::malformed_reachable_payload_is_rejected::case_3_tag ... ok
test push::tests::malformed_status_is_uncertain::case_1_missing_unpack ... ok
test push::tests::malformed_status_is_uncertain::case_3_wrong_ref ... ok
test push::tests::malformed_status_is_uncertain::case_2_missing_ref ... ok
test push::tests::malformed_status_is_uncertain::case_4_duplicate ... ok
test push::tests::malformed_status_is_uncertain::case_5_v2_option ... ok
test push::tests::malformed_status_is_uncertain::case_6_contradiction ... ok
test push::tests::malformed_status_is_uncertain::case_8_empty_reason ... ok
test push::tests::malformed_status_is_uncertain::case_7_empty_unpack ... ok
test push::tests::missing_parent_is_not_assumed_to_exist_remotely ... ok
test push::tests::malformed_status_is_uncertain::case_9_remote_err ... ok
test push::tests::preserves_unpack_failure_and_binary_reason ... ok
test push::tests::preparation_cancellation_changes_no_storage ... ok
test pack::write::compression_tests::ordinary_fallback_is_byte_identical::case_2_candidates ... ok
test push::tests::refuses_unsupported_capabilities_before_writing::case_1_no_status ... ok
test push::tests::proves_ancestry_along_second_merge_parent ... ok
test push::tests::refuses_unsupported_capabilities_before_writing::case_2_v2_only ... ok
test push::tests::refuses_wrong_format_before_graph_reads::case_1_new_id ... ok
test push::tests::refuses_unsupported_capabilities_before_writing::case_3_sha256 ... ok
test push::tests::refuses_wrong_format_before_graph_reads::case_2_old_id ... ok
test push::tests::rejects_duplicate_destinations_and_zero_ids ... ok
test push::tests::rejects_missing_or_mistyped_edges::case_1_commit_tree ... ok
test push::tests::rejects_missing_or_mistyped_edges::case_2_tree_child ... ok
test push::tests::rejects_missing_or_mistyped_edges::case_3_tag_target ... ok
test push::tests::rejects_trailing_bytes_after_complete_report ... ok
test push::tests::rejects_unsupported_namespaces::case_1_head ... ok
test push::tests::rejects_unsupported_namespaces::case_2_other ... ok
test push::tests::replacement_requires_explicit_force::case_1_branch ... ok
test push::tests::returns_partial_results_in_command_order_even_if_server_reorders ... ok
test push::tests::replacement_requires_explicit_force::case_2_tag ... ok
test push::tests::ref_delta_push_needs_only_report_status ... ok
test push::tests::sends_only_report_status_then_raw_pack_and_retains_rejections ... ok
test push::tests::short_writes_preserve_full_request_and_pack ... ok
test push::tests::stale_expectation_never_sends_commands ... ok
test push::tests::truncated_status_preserves_valid_prefix ... ok
test push::tests::typed_edge_to_previously_selected_root_is_validated ... ok
test refs::enumerate::tests::broken_loose_does_not_fall_back_but_unselected_loose_is_not_read ... ok
test push::tests::selects_complete_graph_and_skips_external_gitlinks ... ok
test refs::enumerate::tests::filtered_list_still_validates_all_packed_data ... ok
test refs::enumerate::tests::filters_at_namespace_boundaries::case_1_branch_namespace ... ok
test refs::enumerate::tests::filters_at_namespace_boundaries::case_2_exact ... ok
test refs::enumerate::tests::filters_at_namespace_boundaries::case_3_not_a_string_prefix ... ok
test refs::enumerate::tests::filters_at_namespace_boundaries::case_4_missing ... ok
test refs::enumerate::tests::head_requires_single_name_read ... ok
test refs::enumerate::tests::lists_shadowing_symbols_and_packed_tags_in_byte_order ... ok
test refs::enumerate::tests::preserves_packed_non_utf8_names ... ok
test refs::enumerate::tests::rejects_invalid_loose_name ... ok
test refs::enumerate::tests::private_namespace_symlink_is_rejected_in_its_own_worktree ... ok
test refs::enumerate::tests::rejects_nonadjacent_namespace_conflicts ... ok
test refs::name::tests::accepts_names::case_1_head ... ok
test refs::name::tests::accepts_names::case_2_branch ... ok
test refs::name::tests::accepts_names::case_3_bytes ... ok
test refs::enumerate::tests::rejects_symlink_directory_without_traversing_it ... ok
test refs::name::tests::accepts_names::case_4_at ... ok
test refs::name::tests::accepts_names::case_5_dot_component_end ... ok
test refs::name::tests::rejects_names::case_01_empty ... ok
test refs::name::tests::rejects_names::case_02_short ... ok
test refs::name::tests::rejects_names::case_03_pseudo ... ok
test refs::name::tests::rejects_names::case_04_alias ... ok
test refs::name::tests::rejects_names::case_05_double_slash ... ok
test refs::name::tests::rejects_names::case_06_trailing_slash ... ok
test refs::name::tests::rejects_names::case_07_dot ... ok
test refs::name::tests::rejects_names::case_08_dot_dot ... ok
test refs::name::tests::rejects_names::case_09_trailing_dot ... ok
test refs::name::tests::rejects_names::case_10_lock ... ok
test refs::name::tests::rejects_names::case_11_reflog ... ok
test refs::name::tests::rejects_names::case_12_control ... ok
test refs::name::tests::rejects_names::case_13_del ... ok
test refs::name::tests::rejects_names::case_14_space ... ok
test refs::name::tests::rejects_names::case_15_tilde ... ok
test refs::name::tests::rejects_names::case_16_caret ... ok
test refs::name::tests::rejects_names::case_17_colon ... ok
test refs::name::tests::rejects_names::case_18_question ... ok
test refs::enumerate::tests::skips_locks_dot_entries_and_empty_directories ... ok
test refs::name::tests::rejects_names::case_19_glob ... ok
test refs::name::tests::rejects_names::case_20_bracket ... ok
test refs::name::tests::rejects_names::case_21_backslash ... ok
test refs::packed::tests::deletion_preserves_unsorted_headerless_representation::case_1_first ... ok
test refs::packed::tests::deletion_preserves_unsorted_headerless_representation::case_2_last ... ok
test refs::packed::tests::reads_unsorted_records_and_discards_valid_peeled_metadata ... ok
test refs::packed::tests::rejects_invalid_sorted_records::case_1_duplicate ... ok
test refs::packed::tests::rejects_invalid_sorted_records::case_2_out_of_order ... ok
test refs::packed::tests::rejects_malformed::case_1_truncated ... ok
test refs::packed::tests::rejects_malformed::case_2_missing_newline ... ok
test refs::packed::tests::rejects_malformed::case_3_orphan ... ok
test refs::packed::tests::rejects_malformed::case_4_blank ... ok
test refs::packed::tests::rejects_malformed::case_5_comment ... ok
test refs::packed::tests::rejects_malformed::case_6_invalid_name ... ok
test refs::packed::tests::removing_final_record_leaves_valid_empty_packed_file ... ok
test refs::packed::tests::rejects_malformed::case_7_zero ... ok
test refs::reflog::format_tests::null_records_use_the_selected_format::case_1_sha1 ... ok
test refs::reflog::tests::parses_byte_identity_and_message_without_utf8 ... ok
test refs::reflog::tests::rejects_bad_ids ... ok
test refs::reflog::tests::rejects_malformed_records::case_01_truncated ... ok
test refs::reflog::format_tests::null_records_use_the_selected_format::case_2_sha256 ... ok
test refs::reflog::tests::rejects_malformed_records::case_02_invalid_zone ... ok
test refs::reflog::tests::rejects_malformed_records::case_03_padded_name ... ok
test refs::reflog::tests::rejects_malformed_records::case_04_cr_name ... ok
test refs::reflog::tests::rejects_malformed_records::case_05_no_space ... ok
test refs::reflog::tests::rejects_malformed_records::case_06_negative_time ... ok
test refs::reflog::tests::rejects_malformed_records::case_07_empty_name ... ok
test refs::reflog::tests::rejects_malformed_records::case_08_nul ... ok
test refs::reflog::tests::rejects_malformed_records::case_10_missing_separator ... ok
test refs::reflog::tests::rejects_malformed_records::case_09_cr ... ok
test refs::store::chain_tests::locked_terminal_preserves_symbolic_chain ... ok
test refs::store::delete_tests::deletes_both_copies_and_preserves_unrelated_metadata ... ok
test refs::store::delete_tests::deleting_resolved_branch_preserves_symbolic_head_and_reflogs ... ok
test refs::store::delete_tests::deleting_symbolic_name_preserves_terminal ... ok
test refs::store::chain_tests::depth_failure_releases_chain_locks ... ok
test refs::store::delete_tests::failed_packed_publication_preserves_loose_and_cleans_temporary_file ... ok
test history::tests::deep_history_uses_no_recursion ... ok
test refs::store::delete_tests::failed_unlink_after_packed_publication_reports_partial_completion ... ok
test refs::store::chain_tests::deletion_depth_failure_preserves_chain ... ok
test refs::store::delete_tests::loose_only_deletion_does_not_create_packed_storage ... ok
test refs::store::delete_tests::lock_contention_preserves_both_values_and_existing_lock::case_1_packed ... ok
test refs::store::delete_tests::malformed_data_is_unchanged::case_1_loose ... ok
test refs::store::delete_tests::lock_contention_preserves_both_values_and_existing_lock::case_2_loose ... ok
test refs::store::delete_tests::mismatch_preserves_both_files::case_1_old_packed_value ... ok
test refs::store::delete_tests::malformed_data_is_unchanged::case_2_packed ... ok
test refs::store::delete_tests::mismatch_preserves_both_files::case_2_requires_absence ... ok
test refs::store::delete_tests::mismatch_preserves_both_files::case_3_wrong_kind ... ok
test refs::store::delete_tests::packed_only_deletion_removes_its_peel_line ... ok
test refs::store::delete_tests::missing_delete_is_idempotent::case_2_absent ... ok
test refs::store::delete_tests::missing_value_expectation_fails_without_creating_a_ref ... ok
test refs::store::delete_tests::missing_delete_is_idempotent::case_1_any ... ok
test refs::store::delete_tests::resolved_locked_terminal_preserves_head_and_packed_file ... ok
test refs::store::delete_tests::packed_publication_retains_lock_and_current_loose_value ... ok
test refs::store::delete_tests::resolved_cycle_does_not_mutate_refs ... ok
test refs::store::tests::failed_rename_preserves_unrelated_data ... ok
test refs::store::delete_tests::resolved_mismatch_preserves_every_name ... ok
test refs::store::tests::never_steals_existing_lock::case_1_reference ... ok
test refs::store::tests::mismatch_preserves_bytes_and_cleans_locks ... ok
test refs::store::tests::cycle_failure_cleans_all_owned_locks ... ok
test refs::store::tests::parses_loose_ids::case_1_no_newline ... ok
test refs::store::tests::parses_loose_ids::case_2_trailing_space ... ok
test refs::store::tests::rejects_loose_data::case_2_garbage ... ok
test refs::store::tests::rejects_loose_data::case_1_empty ... ok
test refs::store::delete_tests::symbolic_loose_shadow_is_removed_with_its_packed_copy ... ok
test refs::store::tests::rejects_loose_data::case_3_zero ... ok
test refs::store::tests::rejects_loose_data::case_4_sha256 ... ok
test refs::store::tests::never_steals_existing_lock::case_2_packed ... ok
test refs::store::tests::rejects_loose_data::case_5_bad_symbol ... ok
test refs::store::tests::rejects_loose_data::case_6_extra_line ... ok
test refs::store::tests::unborn_resolution_identifies_missing_terminal ... ok
test refs::store::tests::rejects_symlinks_without_touching_target::case_1_directory ... ok
test refs::store::tests::write_failure_preserves_destination_and_releases_lock ... ok
test refs::store::tests::zero_id_has_no_side_effects ... ok
test refs::transaction::tests::contention_preserves_foreign_lock::case_1_packed_sha1 ... ok
test refs::store::tests::rejects_symlinks_without_touching_target::case_2_file ... ok
test refs::transaction::tests::contention_preserves_foreign_lock::case_4_ref_lock_sha256 ... ok
test refs::transaction::tests::contention_preserves_foreign_lock::case_2_packed_sha256 ... ok
test refs::transaction::tests::contention_preserves_foreign_lock::case_3_ref_lock_sha1 ... ok
test refs::transaction::tests::contention_preserves_foreign_lock::case_6_log_lock_sha256 ... ok
test refs::transaction::tests::contention_preserves_foreign_lock::case_5_log_lock_sha1 ... ok
test refs::transaction::tests::detachment_checks_stored_symbolic_value_not_resolved_identity::case_2_sha256 ... ok
test refs::transaction::tests::detachment_checks_stored_symbolic_value_not_resolved_identity::case_1_sha1 ... ok
test refs::transaction::tests::detachment_dependency_or_log_lock_preserves_head::case_1_old_branch_sha1 ... ok
test refs::transaction::tests::detachment_dependency_or_log_lock_preserves_head::case_2_old_branch_sha256 ... ok
test refs::transaction::tests::deletion_keeps_history_and_records_zero::case_2_sha256 ... ok
test refs::transaction::tests::deletion_keeps_history_and_records_zero::case_1_sha1 ... ok
test refs::transaction::tests::detachment_dependency_or_log_lock_preserves_head::case_4_head_log_sha256 ... ok
test refs::transaction::tests::detachment_does_not_read_or_append_old_branch_log::case_2_sha256 ... ok
test refs::transaction::tests::detachment_dependency_or_log_lock_preserves_head::case_3_head_log_sha1 ... ok
test refs::transaction::tests::detachment_locks_unborn_dependency_against_concurrent_creation::case_2_sha256 ... ok
test refs::transaction::tests::detachment_locks_unborn_dependency_against_concurrent_creation::case_1_sha1 ... ok
test refs::transaction::tests::detachment_does_not_read_or_append_old_branch_log::case_1_sha1 ... ok
test refs::transaction::tests::detachment_rejects_batch_edit_of_old_identity_dependency::case_1_sha1 ... ok
test refs::transaction::tests::detachment_rejects_batch_edit_of_old_identity_dependency::case_2_sha256 ... ok
test refs::transaction::tests::detachment_rejects_old_chain_cycle_before_publication::case_2_sha256 ... ok
test refs::transaction::tests::detachment_rejects_old_chain_cycle_before_publication::case_1_sha1 ... ok
test refs::transaction::tests::detachment_resolves_multiple_hops_to_packed_old_tip::case_1_sha1 ... ok
test refs::transaction::tests::failed_detachment_log_reports_published_head_without_changing_old_branch::case_2_sha256 ... ok
test refs::transaction::tests::detachment_resolves_multiple_hops_to_packed_old_tip::case_2_sha256 ... ok
test refs::transaction::tests::failed_detachment_log_reports_published_head_without_changing_old_branch::case_1_sha1 ... ok
test refs::transaction::tests::final_mismatch_preserves_all_refs_and_logs::case_1_sha1 ... ok
test refs::transaction::tests::failing_second_chain_log_preserves_first_log_outcome::case_1_sha1 ... ok
test refs::transaction::tests::failing_second_chain_log_preserves_first_log_outcome::case_2_sha256 ... ok
test refs::transaction::tests::final_mismatch_preserves_all_refs_and_logs::case_2_sha256 ... ok
test refs::transaction::tests::invalid_message_fails_before_logs_or_refs_are_created::case_2_sha256 ... ok
test refs::transaction::tests::invalid_message_fails_before_logs_or_refs_are_created::case_1_sha1 ... ok
test refs::transaction::tests::locks_remain_owned_after_ref_publication_until_logs_finish::case_1_sha1 ... ok
test refs::transaction::tests::locks_remain_owned_after_ref_publication_until_logs_finish::case_2_sha256 ... ok
test refs::transaction::tests::log_failure_leaves_published_ref_and_stops_batch::case_2_sha256 ... ok
test refs::transaction::tests::malformed_log_prevents_reference_publication::case_1_sha1 ... ok
test refs::transaction::tests::malformed_log_prevents_reference_publication::case_2_sha256 ... ok
test refs::transaction::tests::malformed_logs_are_untouched_by_preserve_policy::case_1_sha1 ... ok
test refs::transaction::tests::overlapping_symbolic_destination_is_rejected::case_1_sha1 ... ok
test refs::transaction::tests::log_failure_leaves_published_ref_and_stops_batch::case_1_sha1 ... ok
test refs::transaction::tests::malformed_logs_are_untouched_by_preserve_policy::case_2_sha256 ... ok
test refs::transaction::tests::overlapping_symbolic_destination_is_rejected::case_2_sha256 ... ok
test refs::transaction::tests::packed_failure_preserves_loose_and_packed_outcomes::case_1_sha1 ... ok
test refs::transaction::tests::packed_failure_preserves_loose_and_packed_outcomes::case_2_sha256 ... ok
test refs::transaction::tests::packed_first_failure_reports_all_removals_and_retains_loose::case_2_sha256 ... ok
test refs::transaction::tests::packed_first_failure_reports_all_removals_and_retains_loose::case_1_sha1 ... ok
test refs::transaction::tests::packed_namespace_conflict_rejects_whole_batch::case_2_sha256 ... ok
test refs::transaction::tests::rejects_conflicting_batch::case_1_duplicate_sha1 ... ok
test refs::transaction::tests::packed_namespace_conflict_rejects_whole_batch::case_1_sha1 ... ok
test refs::transaction::tests::rejects_conflicting_batch::case_2_duplicate_sha256 ... ok
test refs::transaction::tests::rejects_conflicting_batch::case_3_ancestor_sha1 ... ok
test refs::transaction::tests::rejects_conflicting_batch::case_5_descendant_sha1 ... ok
test refs::transaction::tests::rejects_conflicting_batch::case_4_ancestor_sha256 ... ok
test refs::transaction::tests::rejects_conflicting_batch::case_6_descendant_sha256 ... ok
test refs::transaction::tests::rejects_wrong_format_before_locking::case_1_sha1_target ... ok
test refs::transaction::tests::rejects_wrong_format_before_locking::case_2_sha256_target ... ok
test refs::transaction::tests::rejects_wrong_format_before_locking::case_4_sha256_expectation ... ok
test refs::transaction::tests::rejects_wrong_format_before_locking::case_3_sha1_expectation ... ok
test refs::transaction::tests::resolved_cycle_is_rejected_without_publication::case_2_sha256 ... ok
test refs::transaction::tests::resolved_cycle_is_rejected_without_publication::case_1_sha1 ... ok
test refs::transaction::tests::resolved_head_and_second_ref_log_exact_ids::case_1_sha1 ... ok
test refs::transaction::tests::short_append_retains_byte_count ... ok
test refs::transaction::tests::second_ref_failure_retains_first_ref_and_log::case_2_sha256 ... ok
test refs::transaction::tests::second_ref_failure_retains_first_ref_and_log::case_1_sha1 ... ok
test refs::transaction::tests::resolved_head_and_second_ref_log_exact_ids::case_2_sha256 ... ok
test refs::transaction::tests::stored_detachment_logs_resolved_old_identity_only_on_head::case_1_unborn_sha1 ... ok
test refs::transaction::tests::stored_detachment_logs_resolved_old_identity_only_on_head::case_2_unborn_sha256 ... ok
test refs::transaction::tests::stored_detachment_logs_resolved_old_identity_only_on_head::case_3_born_sha1 ... ok
test remote::config::tests::diagnoses_bad_refspec_occurrences::case_1_empty ... ok
test remote::config::tests::diagnoses_bad_refspec_occurrences::case_2_second ... ok
test remote::config::tests::diagnoses_bad_refspec_occurrences::case_3_other_direction ... ok
test remote::config::tests::rejects_implicit_values::case_1_url ... ok
test refs::transaction::tests::stored_detachment_logs_resolved_old_identity_only_on_head::case_4_born_sha256 ... ok
test remote::config::tests::rejects_implicit_values::case_2_pushurl ... ok
test remote::config::tests::rejects_implicit_values::case_3_fetch ... ok
test refs::transaction::tests::stored_symbolic_edit_requires_preserve::case_1_sha1 ... ok
test remote::config::tests::rejects_implicit_values::case_4_push ... ok
test refs::transaction::tests::stored_symbolic_edit_requires_preserve::case_2_sha256 ... ok
test remote::config::tests::remote_names_and_repeated_sections_are_exact ... ok
test remote::config::tests::url_order_and_fallback::case_01_first_and_all ... ok
test remote::config::tests::url_order_and_fallback::case_02_push_override ... ok
test remote::config::tests::url_order_and_fallback::case_03_url_reset ... ok
test remote::config::tests::url_order_and_fallback::case_04_push_reset_fallback ... ok
test remote::config::tests::url_order_and_fallback::case_05_reset_then_append ... ok
test remote::config::tests::url_order_and_fallback::case_06_all_reset ... ok
test remote::config::tests::url_order_and_fallback::case_07_push_only ... ok
test remote::config::tests::url_order_and_fallback::case_08_duplicate ... ok
test remote::config::tests::url_order_and_fallback::case_09_bytes ... ok
test remote::config::tests::url_order_and_fallback::case_10_missing_urls ... ok
test remote::edit::tests::failed_rename_is_transactional::case_1_inherited_only ... ok
test remote::edit::tests::failed_rename_is_transactional::case_2_destination ... ok
test remote::edit::tests::failed_rename_is_transactional::case_3_ambiguous ... ok
test remote::edit::tests::invalid_second_mapping_does_not_add_partial_remote ... ok
test remote::edit::tests::failed_rename_is_transactional::case_4_invalid_name ... ok
test remote::edit::tests::removal_preserves_unrelated_branch_settings_and_comments ... ok
test remote::edit::tests::repeated_list_occurrences_and_push_fallback ... ok
test remote::refspec::tests::absent_patterns_produce_empty_plan::case_1_wildcard ... ok
test remote::refspec::tests::absent_patterns_produce_empty_plan::case_2_negative_only ... ok
test remote::refspec::tests::absent_patterns_produce_empty_plan::case_3_empty ... ok
test remote::refspec::tests::advertisement_uses_named_tips_not_peeling_or_symbolic_target_names ... ok
test remote::refspec::tests::exclusions_are_global::case_2_after ... ok
test remote::refspec::tests::deletion_and_source_only_forms ... ok
test remote::refspec::tests::exclusions_are_global::case_1_before ... ok
test remote::refspec::tests::exact_duplicates_collapse_and_spec_order_precedes_source_order ... ok
test remote::refspec::tests::missing_explicit_sources_fail::case_1_explicit ... ok
test remote::refspec::tests::parses_supported::case_02_force ... ok
test remote::refspec::tests::missing_explicit_sources_fail::case_2_excluded_missing ... ok
test remote::refspec::tests::parses_supported::case_01_fetch_exact ... ok
test remote::refspec::tests::parses_supported::case_03_fetch_only ... ok
test remote::refspec::tests::parses_supported::case_04_empty_fetch_destination ... ok
test remote::refspec::tests::parses_supported::case_05_negative ... ok
test remote::refspec::tests::parses_supported::case_06_negative_head ... ok
test remote::refspec::tests::parses_supported::case_07_partial_glob ... ok
test remote::refspec::tests::parses_supported::case_08_push_same ... ok
test remote::refspec::tests::parses_supported::case_09_push_glob ... ok
test remote::refspec::tests::parses_supported::case_10_push_head ... ok
test remote::refspec::tests::parses_supported::case_11_delete ... ok
test remote::refspec::tests::parses_supported::case_12_force_delete ... ok
test remote::refspec::tests::parses_supported::case_13_bytes ... ok
test remote::refspec::tests::rejects_ambiguous_inputs_and_zero_ids_even_if_unselected ... ok
test remote::refspec::tests::rejects_destination_collisions::case_1_different_sources ... ok
test remote::refspec::tests::rejects_destination_collisions::case_2_different_force ... ok
test remote::refspec::tests::rejects_destination_collisions::case_3_deletion ... ok
test remote::refspec::tests::rejects_invalid_names::case_1_dotdot ... ok
test remote::refspec::tests::rejects_invalid_names::case_2_reflog ... ok
test remote::refspec::tests::rejects_invalid_names::case_3_space ... ok
test remote::refspec::tests::rejects_invalid_names::case_4_nul ... ok
test remote::refspec::tests::rejects_invalid_names::case_5_lock ... ok
test remote::refspec::tests::rejects_invalid_names::case_6_slash ... ok
test remote::refspec::tests::rejects_invalid_substitution ... ok
test remote::refspec::tests::rejects_syntax::case_2_negative_force ... ok
test remote::refspec::tests::rejects_syntax::case_3_negative_destination ... ok
test remote::refspec::tests::rejects_syntax::case_1_negative_push ... ok
test remote::refspec::tests::rejects_syntax::case_4_extra_colon ... ok
test remote::refspec::tests::rejects_syntax::case_5_one_sided_glob ... ok
test remote::refspec::tests::rejects_syntax::case_6_destination_glob ... ok
test remote::refspec::tests::rejects_syntax::case_7_many_globs ... ok
test remote::refspec::tests::rejects_unsupported::case_02_matching ... ok
test remote::refspec::tests::rejects_syntax::case_8_wildcard_selection ... ok
test remote::refspec::tests::rejects_syntax::case_9_wildcard_deletion ... ok
test remote::refspec::tests::rejects_unsupported::case_01_empty ... ok
test remote::refspec::tests::rejects_unsupported::case_03_force_matching ... ok
test remote::refspec::tests::rejects_unsupported::case_04_short_source ... ok
test remote::refspec::tests::rejects_unsupported::case_05_short_destination ... ok
test remote::refspec::tests::rejects_unsupported::case_06_head_destination ... ok
test remote::refspec::tests::rejects_unsupported::case_07_push_head_inference ... ok
test remote::refspec::tests::rejects_unsupported::case_08_revision ... ok
test remote::refspec::tests::rejects_unsupported::case_09_oid ... ok
test remote::refspec::tests::rejects_unsupported::case_10_tag_shorthand ... ok
test remote::refspec::tests::rejects_unsupported::case_11_empty_source ... ok
test remote::refspec::tests::rejects_unsupported::case_12_empty_destination ... ok
test remote::refspec::tests::wildcard_substitution::case_1_nested ... ok
test remote::refspec::tests::wildcard_substitution::case_2_empty_capture ... ok
test remote::refspec::tests::wildcard_substitution::case_3_suffix ... ok
test remote::refspec::tests::wildcard_substitution::case_4_bytes ... ok
test repository::discover::tests::empty_search_is_read_only ... ok
test repository::discover::tests::ceiling_is_inclusive_and_stops_parent_search ... ok
test repository::discover::tests::rejects_non_ancestor_ceiling ... ok
test repository::discover::tests::dangling_gitfile_symlink_stops_search ... ok
test repository::discover::tests::nearest_repository_wins ... ok
test repository::discover::tests::malformed_inner_marker_prevents_outer_fallback ... ok
test repository::discover::tests::start_must_be_an_existing_directory ... ok
test repository::init::tests::concurrent_initializers_have_one_winner ... ok
test repository::init::tests::dangling_marker_is_not_replaced ... ok
test repository::discover::tests::symlink_start_uses_physical_ancestry ... ok
test repository::init::tests::exclusive_file_creation_preserves_existing_bytes ... ok
test repository::init::tests::creates_expected_layout::case_1_ordinary ... ok
test repository::init::tests::creates_expected_layout::case_2_bare ... ok
test repository::init::tests::refuses_existing_empty_bare_destination ... ok
test repository::init::tests::refuses_existing_marker_without_writes::case_1_file ... ok
test repository::init::tests::refuses_existing_marker_without_writes::case_2_head ... ok
test repository::init::tests::missing_parent_is_not_created ... ok
test repository::init::tests::partial_population_failure_preserves_files_and_omits_head ... ok
test repository::shallow::tests::invalid_root_has_line::case_1_blank ... ok
test repository::init::tests::preserves_unrelated_worktree_files ... ok
test repository::shallow::tests::duplicate_roots_are_coalesced::case_1_sha1 ... ok
test repository::shallow::tests::duplicate_roots_are_coalesced::case_2_sha256 ... ok
test repository::tests::bare_values::case_2_implicit ... ok
test repository::tests::bare_values::case_3_absent ... ok
test repository::shallow::tests::invalid_root_has_line::case_2_invalid ... ok
test repository::tests::git_integers::case_1_octal ... ok
test repository::tests::bare_values::case_1_false_value ... ok
test repository::shallow::tests::read_bounds_and_cancellation_precede_results ... ok
test repository::tests::git_integers::case_2_hex ... ok
test repository::tests::git_integers::case_4_invalid_octal ... ok
test repository::tests::git_integers::case_5_overflow ... ok
test repository::tests::git_integers::case_3_negative ... ok
test repository::tests::versions::case_1_zero ... ok
test repository::tests::metadata_paths_preserve_bytes ... ok
test repository::tests::versions::case_2_plus ... ok
test repository::tests::versions::case_3_suffix ... ok
test repository::tests::versions::case_4_invalid ... ok
test repository::tests::missing_path_is_not_created ... ok
test status::worktree::tests::accepts_file_byte_limit::case_1_exact ... ok
test status::workflow::supported::tests::detects_metadata_change_on_final_reread::case_1_index ... ok
test status::workflow::supported::tests::detects_metadata_change_on_final_reread::case_2_head ... ok
test status::worktree::tests::accepts_file_byte_limit::case_2_larger ... ok
test status::worktree::tests::cancellation_during_read_returns_no_partial_report ... ok
test status::worktree::tests::compares_bytes_without_stat_shortcuts::case_1_equal ... ok
test status::worktree::tests::compares_bytes_without_stat_shortcuts::case_2_different ... ok
test checkout::worktree::tests::deletion_heavy_checkout_verifies_absence_across_small_directories ... ok
test status::worktree::tests::detects_mode_only_change ... ok
test status::worktree::tests::compares_bytes_without_stat_shortcuts::case_3_empty ... ok
test status::worktree::tests::detects_same_size_content_change_with_restored_mtime ... ok
test status::worktree::tests::enforces_scan_limits::case_3_entries ... ok
test status::worktree::tests::enforces_scan_limits::case_1_file_limit ... ok
test status::worktree::tests::enforces_scan_limits::case_2_total_bytes ... ok
test status::worktree::tests::enforces_scan_limits::case_4_paths ... ok
test status::worktree::tests::rejects_non_ascii_paths_on_normalizing_platform ... ok
test status::worktree::tests::rejects_paths_before_platform_conversion::case_1_absolute ... ok
test status::worktree::tests::rejects_paths_before_platform_conversion::case_2_parent ... ok
test status::worktree::tests::rejects_paths_before_platform_conversion::case_3_dot ... ok
test status::worktree::tests::rejects_paths_before_platform_conversion::case_4_metadata ... ok
test status::worktree::tests::rejects_paths_before_platform_conversion::case_5_nul ... ok
test status::worktree::tests::rejects_paths_before_platform_conversion::case_6_backslash ... ok
test status::worktree::tests::enforces_scan_limits::case_5_depth ... ok
test status::worktree::tests::rejects_paths_before_platform_conversion::case_7_drive ... ok
test status::worktree::tests::rejects_paths_before_platform_conversion::case_8_empty_component ... ok
test status::worktree::tests::never_follows_substituted_root_ancestor ... ok
test status::worktree::tests::reads_symlink_target_without_following_it ... ok
test status::worktree::tests::never_follows_symlink_ancestor ... ok
test status::worktree::tests::replaced_parent_is_detected_without_following_new_symlink ... ok
test status::worktree::tests::reports_change_observed_after_content_read ... ok
test status::worktree::tests::reports_directory_mutation_during_scan ... ok
test status::worktree::tests::special_file_is_an_obstruction_without_blocking_read ... ok
test status::worktree::tests::symlink_payload_is_bounded::case_1_exact ... ok
test status::worktree::tests::skips_nested_repository_and_bare_metadata ... ok
test tag::dual_format_tests::parsing_rejects_foreign_target::case_1_sha1 ... ok
test tag::dual_format_tests::parsing_rejects_foreign_target::case_2_sha256 ... ok
test tag::format_boundary_tests::constructs_sha256_target ... ok
test tag::tests::accepts_byte_names_without_ref_validation ... ok
test status::worktree::tests::tracked_only_obstruction_does_not_descend_into_directory ... ok
test tag::tests::constructs_every_target_kind::case_1_blob ... ok
test tag::tests::constructs_every_target_kind::case_3_commit ... ok
test tag::tests::constructs_every_target_kind::case_4_tag ... ok
test status::worktree::tests::symlink_payload_is_bounded::case_2_too_small ... ok
test status::worktree::tests::tracked_path_below_nested_repository_is_obstructed ... ok
test tag::tests::constructs_every_target_kind::case_2_tree ... ok
test tag::tests::constructs_negative_tagger_seconds ... ok
test tag::tests::matches_independent_literal_identity ... ok
test tag::tests::preserves_empty_message_framing::case_1_without_tagger ... ok
test tag::tests::preserves_empty_message_framing::case_2_blank_separator ... ok
test status::worktree::tests::tracks_exact_case_without_alias_lookup ... ok
test tag::tests::preserves_empty_message_framing::case_3_tagger_only ... ok
test tag::tests::preserves_empty_message_framing::case_4_tagger_separator ... ok
test tag::tests::preserves_opaque_extra_lines ... ok
test tag::tests::preserves_opaque_message::case_1_binary ... ok
test tag::tests::preserves_opaque_message::case_2_pgp ... ok
test tag::tests::preserves_opaque_message::case_3_ssh ... ok
test tag::tests::preserves_opaque_message::case_4_empty ... ok
test tag::tests::rejects_invalid_constructed_extra_lines::case_1_empty ... ok
test tag::tests::rejects_invalid_constructed_extra_lines::case_2_lf ... ok
test tag::tests::rejects_invalid_constructed_extra_lines::case_3_cr ... ok
test tag::tests::rejects_invalid_constructed_extra_lines::case_4_nul ... ok
test tag::tests::rejects_invalid_constructed_extra_lines::case_5_object ... ok
test tag::tests::rejects_invalid_constructed_extra_lines::case_6_kind ... ok
test tag::tests::rejects_invalid_constructed_extra_lines::case_7_name ... ok
test tag::tests::rejects_invalid_constructed_extra_lines::case_8_tagger ... ok
test tag::tests::rejects_malformed_headers::case_01_empty ... ok
test tag::tests::rejects_malformed_headers::case_02_truncated ... ok
test tag::tests::rejects_malformed_headers::case_03_missing ... ok
test tag::tests::rejects_malformed_headers::case_04_reordered ... ok
test tag::tests::rejects_malformed_headers::case_05_short ... ok
test tag::tests::rejects_malformed_headers::case_06_sha256 ... ok
test tag::tests::rejects_malformed_headers::case_07_nonhex ... ok
test tag::tests::rejects_malformed_headers::case_08_missing_kind ... ok
test tag::tests::rejects_malformed_headers::case_09_bad_kind ... ok
test tag::tests::rejects_malformed_headers::case_10_missing_name ... ok
test tag::tests::rejects_unreadable_tagger::case_1_identity ... ok
test tag::tests::rejects_unreadable_tagger::case_2_overflow ... ok
test tag::tests::retains_extra_values_rejected_by_validation ... ok
test tag::tests::retains_lexical_details_until_reconstruction ... ok
test tag::tests::retains_names_rejected_by_construction::case_1_empty ... ok
test tag::tests::retains_names_rejected_by_construction::case_2_space ... ok
test tag::tests::retains_names_rejected_by_construction::case_3_nul ... ok
test tag::tests::retains_names_rejected_by_construction::case_4_cr ... ok
test tag::tests::retains_repeated_or_misplaced_headers::case_1_object ... ok
test tag::tests::retains_repeated_or_misplaced_headers::case_2_kind ... ok
test tag::tests::retains_repeated_or_misplaced_headers::case_3_name ... ok
test tag::tests::retains_repeated_or_misplaced_headers::case_4_misplaced_tagger ... ok
test tag::tests::retains_repeated_or_misplaced_headers::case_5_repeated_tagger ... ok
test tag::tests::retains_tagger_rejected_by_validation::case_1_empty ... ok
test transport::control::tests::cancellation_wins_when_deadline_also_expired ... ok
test checkout::worktree::tests::cancellation_in_removed_path_verification_preserves_the_old_index ... ok
test transport::process::tests::cancellation_interrupts_exit_wait ... ok
test transport::process::tests::expired_control_prevents_spawn ... ok
test push::local::tests::deadline_preserves_acknowledgements::case_1_prefix ... ok
test push::local::tests::deadline_preserves_acknowledgements::case_2_complete_before_eof ... ok
test push::local::tests::deadline_preserves_acknowledgements::case_3_complete_before_exit ... ok
test transport::process::tests::observable_exit_wins_over_later_cancellation ... ok
test push::local::tests::silent_server_times_out_before_commands ... ok
test transport::process::tests::unwinding_reaps_owned_child ... ok
test tree::dual_format_tests::empty_tree_retains_selected_identity::case_1_sha1 ... ok
test tree::dual_format_tests::empty_tree_retains_selected_identity::case_2_sha256 ... ok
test tree::dual_format_tests::sha256_tree_rejects_sha1_gitlink ... ok
test tree::dual_format_tests::truncated_digest_is_rejected::case_1_sha1 ... ok
test tree::dual_format_tests::truncated_digest_is_rejected::case_2_sha256 ... ok
test tree::format_boundary_tests::rejects_sha256_entry_before_encoding ... ok
test tree::tests::compares_git_names::case_1_file_prefix ... ok
test tree::tests::compares_git_names::case_2_directory_after_dot ... ok
test tree::tests::compares_git_names::case_3_directory_before_zero ... ok
test tree::tests::compares_git_names::case_4_longer_directory ... ok
test tree::tests::compares_git_names::case_5_gitlink_is_file ... ok
test tree::tests::compares_git_names::case_6_symlink_is_file ... ok
test tree::tests::compares_git_names::case_7_unsigned_bytes ... ok
test tree::tests::detects_duplicate_names_even_when_nonadjacent::case_1_same_mode ... ok
test tree::tests::detects_duplicate_names_even_when_nonadjacent::case_2_different_mode ... ok
test transport::process::tests::group_cleanup_closes_descendant_pipe_and_preserves_unrelated_child ... ok
test tree::tests::empty_tree_has_git_identity ... ok
test tree::tests::parses_invalid_names_without_repair::case_1_empty ... ok
test tree::tests::parses_invalid_names_without_repair::case_2_slash ... ok
test tree::tests::parses_invalid_names_without_repair::case_3_dot ... ok
test tree::tests::parses_invalid_names_without_repair::case_4_dot_dot ... ok
test tree::tests::preserves_delimiter_bytes_inside_object_id ... ok
test tree::tests::preserves_name_bytes::case_1_non_utf8 ... ok
test tree::tests::preserves_name_bytes::case_2_whitespace ... ok
test tree::tests::preserves_name_bytes::case_3_backslash ... ok
test tree::tests::preserves_supported_modes::case_1_regular ... ok
test tree::tests::preserves_supported_modes::case_2_executable ... ok
test tree::tests::preserves_supported_modes::case_3_symlink ... ok
test tree::tests::preserves_supported_modes::case_4_directory ... ok
test tree::tests::preserves_supported_modes::case_5_gitlink ... ok
test tree::tests::preserves_unsorted_input_until_explicit_reconstruction ... ok
test tree::tests::rejects_incomplete_records::case_1_missing_space ... ok
test tree::tests::rejects_incomplete_records::case_2_missing_nul ... ok
test tree::tests::rejects_incomplete_records::case_3_no_id ... ok
test tree::tests::rejects_incomplete_records::case_4_short_id ... ok
test tree::tests::rejects_invalid_new_names::case_1_empty ... ok
test tree::tests::rejects_invalid_new_names::case_2_nul ... ok
test tree::tests::rejects_invalid_new_names::case_3_slash ... ok
test tree::tests::rejects_invalid_new_names::case_4_dot ... ok
test tree::tests::rejects_invalid_new_names::case_5_dot_dot ... ok
test tree::tests::rejects_trailing_partial_entry ... ok
test tree::tests::rejects_unsupported_mode_spellings::case_1_empty ... ok
test tree::tests::rejects_unsupported_mode_spellings::case_2_non_octal ... ok
test tree::tests::rejects_unsupported_mode_spellings::case_3_negative ... ok
test tree::tests::sorts_file_and_directory_prefixes ... ok
test tree_compare::tests::bytes_are_bounded_during_storage_read::case_1_per_read ... ok
test tree_compare::tests::cancellation_between_reads_stops_before_missing_object ... ok
test tree_compare::tests::bytes_are_bounded_during_storage_read::case_2_cumulative ... ok
test tree_compare::tests::cancellation_precedes_identity_skips_and_reads::case_1_empty ... ok
test tree_compare::tests::cancellation_precedes_identity_skips_and_reads::case_2_equal ... ok
test tree_compare::tests::cancellation_precedes_identity_skips_and_reads::case_3_different ... ok
test tree_compare::tests::corrupt_storage_retains_source ... ok
test tree_compare::tests::cumulative_bytes_include_both_sides ... ok
test tree_compare::tests::depth_limit_precedes_queue_growth ... ok
test tree_compare::tests::empty_directories_have_no_leaf_record ... ok
test tree_compare::tests::empty_side_and_nested_byte_paths::case_1_add ... ok
test tree_compare::tests::empty_side_and_nested_byte_paths::case_2_remove ... ok
test tree_compare::tests::equal_sha256_roots_do_not_bypass_format_validation ... ok
test tree_compare::tests::exact_limits_succeed ... ok
test tree_compare::tests::identical_missing_subtree_is_skipped_in_changed_roots ... ok
test transport::process::tests::deadline_interrupts_exit_wait_after_eof ... ok
test tree_compare::tests::identical_roots_are_not_validated::case_1_missing ... ok
test transport::process::tests::deadline_interrupts_full_input_pipe ... ok
test transport::process::tests::deadline_interrupts_silent_advertisement ... ok
test tree_compare::tests::identical_roots_are_not_validated::case_2_malformed ... ok
test tree_compare::tests::identical_roots_are_not_validated::case_3_wrong_kind ... ok
test transport::process::tests::flag_interrupts_waiting_pipe::case_1_read ... ok
test tree_compare::tests::invalid_trees_are_not_silently_normalized::case_1_syntax ... ok
test transport::process::tests::flag_interrupts_waiting_pipe::case_2_write ... ok
test tree_compare::tests::invalid_trees_are_not_silently_normalized::case_4_order ... ok
test tree_compare::tests::invalid_trees_are_not_silently_normalized::case_3_duplicate ... ok
test tree_compare::tests::invalid_trees_are_not_silently_normalized::case_2_name ... ok
test tree_compare::tests::leaf_changes::case_01_unchanged ... ok
test tree_compare::tests::leaf_changes::case_02_added ... ok
test tree_compare::tests::leaf_changes::case_03_removed ... ok
test tree_compare::tests::leaf_changes::case_06_symlink_same_content ... ok
test tree_compare::tests::leaf_changes::case_05_executable ... ok
test tree_compare::tests::leaf_changes::case_07_symlink_target ... ok
test tree_compare::tests::leaf_changes::case_08_gitlink ... ok
test tree_compare::tests::leaf_changes::case_10_empty ... ok
test tree_compare::tests::leaf_changes::case_04_content ... ok
test tree_compare::tests::missing_nested_tree_has_identity_and_byte_path ... ok
test tree_compare::tests::leaf_targets_are_not_type_checked ... ok
test tree_compare::tests::leaf_changes::case_09_gitlink_type ... ok
test tree_compare::tests::zero_budgets_reject_before_result_growth::case_1_trees ... ok
test tree_compare::tests::replacements_pair_names_across_git_order::case_1_forward ... ok
test tree_compare::tests::wrong_kind_nested_tree_is_contextual ... ok
test tree_compare::tests::zero_budgets_reject_before_result_growth::case_2_entries ... ok
test tree_compare::tests::replacements_pair_names_across_git_order::case_2_reverse ... ok
test tree_compare::tests::zero_budgets_reject_before_result_growth::case_3_paths ... ok
test tree_compare::tests::zero_budgets_reject_before_result_growth::case_4_changes ... ok
test push::local::tests::early_rejection_does_not_deadlock_upload_and_preserves_status ... ok
test transport::process::tests::unread_full_stdout_does_not_prevent_exit_deadline_or_cleanup ... ok
test transport::process::tests::drains_full_diagnostic_pipe_before_reading_response ... ok
test transport::process::tests::drains_full_stderr_while_writing_full_stdin ... ok
test tree_compare::tests::deep_tree_uses_an_explicit_stack ... ok
test push::local::tests::deadline_during_blocked_pack_write_is_uncertain ... ok

test result: ok. 1518 passed; 0 failed; 0 ignored; 0 measured; 0 filtered out; finished in 3.87s

     Running tests/config_edit.rs (target/debug/deps/config_edit-d13ad598165f89ed)

running 18 tests
test explicit_unicode_file_path_is_preserved ... ok
test competing_threads_cannot_overwrite_from_stale_snapshot ... ok
test git_reads_lossless_unusual_syntax::case_1_deprecated ... ok
test git_reads_lossless_unusual_syntax::case_2_bytes ... ok
test branch_and_refspec_changes_agree_with_git::case_1_rename ... ok
test branch_and_refspec_changes_agree_with_git::case_2_remove ... ok
test includes_globals_and_inherited_only_remotes_are_never_rewritten ... ok
test inert_nul_comments_survive_resolution_and_edit::case_2_standalone::format_1_ObjectFormat__Sha1 ... ok
test inert_nul_comments_survive_resolution_and_edit::case_1_trailing::format_1_ObjectFormat__Sha1 ... ok
test inert_nul_comments_survive_resolution_and_edit::case_2_standalone::format_2_ObjectFormat__Sha256 ... ok
test inert_nul_comments_survive_resolution_and_edit::case_1_trailing::format_2_ObjectFormat__Sha256 ... ok
test inert_nul_comments_survive_resolution_and_edit::case_3_header::format_1_ObjectFormat__Sha1 ... ok
test inert_nul_comments_survive_resolution_and_edit::case_4_crlf::format_1_ObjectFormat__Sha1 ... ok
test inert_nul_comments_survive_resolution_and_edit::case_3_header::format_2_ObjectFormat__Sha256 ... ok
test inert_nul_comments_survive_resolution_and_edit::case_4_crlf::format_2_ObjectFormat__Sha256 ... ok
test add_set_append_remove_url_agree_with_git::case_2_sha256 ... ok
test add_set_append_remove_url_agree_with_git::case_1_sha1 ... ok
test repeated_fetch_push_and_reset_values_remain_ordered ... ok

test result: ok. 18 passed; 0 failed; 0 ignored; 0 measured; 0 filtered out; finished in 0.12s

