Command: RUST_TEST_THREADS=4 just check
Implementation: 356cc843b1b44dad5af473676e02c90b2f84408a
Host: macOS arm64; Rust/Cargo 1.98.1; Git 2.55.0

cargo +nightly fmt --all -- --check
rumdl check .

Success: No issues found in 26 files (46ms)
cargo test --all-features
    Finished `test` profile [unoptimized + debuginfo] target(s) in 0.12s
     Running unittests src/lib.rs (target/debug/deps/girt-c2b5c3ac809e54b7)

running 1535 tests
test checkout::worktree::tests::bare_nested_repository_is_not_entered ... ok
test checkout::worktree::tests::cancellation_reports_prior_namespace_changes::case_2_during ... ok
test checkout::worktree::tests::cancellation_reports_prior_namespace_changes::case_1_before ... ok
test checkout::worktree::tests::changed_file_is_preserved_at_mutation_boundaries::case_1_after_plan ... ok
test checkout::worktree::tests::cancellation_reports_prior_namespace_changes::case_3_publication ... ok
test checkout::worktree::tests::changed_file_is_preserved_at_mutation_boundaries::case_2_at_mutation ... ok
test checkout::worktree::tests::colliding_tree_paths_are_rejected_even_on_case_sensitive_filesystems ... ok
test checkout::worktree::tests::corrupted_blob_is_rejected_before_mutation ... ok
test checkout::worktree::tests::descendant_lookup_respects_component_boundaries::case_1_descendant ... ok
test checkout::worktree::tests::descendant_lookup_respects_component_boundaries::case_2_same_leaf ... ok
test checkout::worktree::tests::descendant_lookup_respects_component_boundaries::case_3_neighbor ... ok
test checkout::worktree::tests::descendant_lookup_respects_component_boundaries::case_4_earlier_neighbor ... ok
test checkout::worktree::tests::descendant_lookup_respects_component_boundaries::case_5_nested_prefix ... ok
test checkout::worktree::tests::destination_symlink_substitution_does_not_follow_or_overwrite ... ok
test checkout::worktree::tests::deletes_only_tracked_content_and_retains_unrelated_files ... ok
test checkout::worktree::tests::directory_transition_refuses_unknown_contents::case_2_empty_directory ... ok
test checkout::worktree::tests::directory_transition_refuses_unknown_contents::case_1_file ... ok
test checkout::worktree::tests::exhausted_preparation_limits_preserve_worktree::case_2_file ... ok
test checkout::worktree::tests::exhausted_preparation_limits_preserve_worktree::case_1_objects ... ok
test checkout::worktree::tests::exhausted_preparation_limits_preserve_worktree::case_3_paths ... ok
test checkout::worktree::tests::exhausted_preparation_limits_preserve_worktree::case_4_depth ... ok
test checkout::worktree::tests::exhausted_preparation_limits_preserve_worktree::case_6_tree ... ok
test checkout::worktree::tests::exhausted_preparation_limits_preserve_worktree::case_5_directory ... ok
test checkout::worktree::tests::exhausted_preparation_limits_preserve_worktree::case_7_index ... ok
test checkout::worktree::tests::exhausted_worktree_budget_does_not_remove_files ... ok
test checkout::worktree::tests::existing_symlink_ancestor_does_not_escape_worktree ... ok
test checkout::worktree::tests::failures_after_namespace_success_still_report_operation::case_1_leaf ... ok
test checkout::worktree::tests::failures_after_namespace_success_still_report_operation::case_2_directory ... ok
test checkout::worktree::tests::final_verification_refuses_changed_target_without_publishing ... ok
test checkout::worktree::tests::foreign_index_lock_is_preserved ... ok
test checkout::worktree::tests::index_lock_cleanup_failure_is_visible_without_recursive_cleanup ... ok
test checkout::worktree::tests::injected_io_failures_report_residual_changes::case_1_write ... ok
test checkout::worktree::tests::injected_io_failures_report_residual_changes::case_2_install ... ok
test checkout::worktree::tests::injected_io_failures_report_residual_changes::case_3_delete ... ok
test checkout::worktree::tests::injected_io_failures_report_residual_changes::case_4_index ... ok
test checkout::worktree::tests::live_marker_guard_remains_active_after_preflight ... ok
test checkout::worktree::tests::macos_rejects_non_ascii_paths ... ok
test checkout::worktree::tests::missing_blob_is_rejected_before_mutation ... ok
test checkout::worktree::tests::mode_only_dirty_change_is_not_overwritten ... ok
test checkout::worktree::tests::noncooperating_index_change_prevents_publication_after_worktree_update ... ok
test checkout::worktree::tests::ordinary_worktree_root_is_not_a_nested_repository ... ok
test checkout::worktree::tests::preserves_staged_changes_and_conflicts::case_1_staged ... ok
test checkout::worktree::tests::preserves_staged_changes_and_conflicts::case_2_conflict ... ok
test checkout::worktree::tests::refuses_dirty_files_before_any_mutation::case_1_content ... ok
test checkout::worktree::tests::projection_checks_intermediate_states_not_only_the_final_tree ... ok
test checkout::worktree::tests::refuses_dirty_files_before_any_mutation::case_2_assume_valid ... ok
test checkout::worktree::tests::refuses_planned_markers_without_mutation::case_01_initial ... ok
test checkout::worktree::tests::refuses_planned_markers_without_mutation::case_02_final_verification_only ... ok
test checkout::worktree::tests::refuses_planned_markers_without_mutation::case_03_tracked ... ok
test checkout::worktree::tests::refuses_planned_markers_without_mutation::case_04_leaf_to_directory ... ok
test checkout::worktree::tests::refuses_planned_markers_without_mutation::case_05_retained_files ... ok
test checkout::worktree::tests::refuses_planned_markers_without_mutation::case_07_retained_directory ... ok
test checkout::worktree::tests::refuses_planned_markers_without_mutation::case_06_retained_tracked ... ok
test checkout::worktree::tests::refuses_planned_markers_without_mutation::case_08_emptied_directory_retained ... ok
test checkout::worktree::tests::refuses_planned_markers_without_mutation::case_09_marker_directory_to_file ... ok
test checkout::worktree::tests::refuses_planned_markers_without_mutation::case_11_planned_aliases ... ok
test checkout::worktree::tests::refuses_planned_markers_without_mutation::case_10_planned_directories ... ok
test checkout::worktree::tests::refuses_untracked_obstructions::case_1_leaf ... ok
test checkout::worktree::tests::refuses_planned_markers_without_mutation::case_12_retained_alias ... ok
test checkout::worktree::tests::refuses_untracked_obstructions::case_3_case_alias ... ok
test checkout::worktree::tests::refuses_untracked_obstructions::case_2_ancestor ... ok
test checkout::worktree::tests::rejects_unsupported_tree_paths_before_mutation::case_1_gitlink ... ok
test checkout::worktree::tests::rejects_nested_repository ... ok
test checkout::worktree::tests::rejects_unsupported_tree_paths_before_mutation::case_2_metadata_alias ... ok
test checkout::worktree::tests::rejects_unsupported_tree_paths_before_mutation::case_3_backslash ... ok
test checkout::worktree::tests::rejects_unsupported_tree_paths_before_mutation::case_4_colon ... ok
test checkout::worktree::tests::replaced_temporary_is_not_deleted_by_cleanup ... ok
test checkout::worktree::tests::removing_a_marker_before_adding_another_is_supported ... ok
test checkout::worktree::tests::retained_dangling_symlink_counts_as_a_marker ... ok
test checkout::worktree::tests::root_substitution_before_mutation_is_detected ... ok
test checkout::worktree::tests::substituted_ancestor_never_receives_writes::case_1_symlink ... ok
test checkout::worktree::tests::substituted_ancestor_never_receives_writes::case_2_directory ... ok
test checkout::worktree::tests::successful_install_with_failed_cleanup_is_reported ... ok
test checkout::worktree::tests::target_verification_budget_is_checked_before_installation ... ok
test checkout::worktree::tests::tracked_file_directory_transitions::case_1_file_to_directory ... ok
test checkout::worktree::tests::tracked_file_directory_transitions::case_2_directory_to_file ... ok
test checkout::worktree::tests::unchanged_checkout_discards_unverified_tree_cache ... ok
test checkout::worktree::tests::tracked_file_directory_transitions::case_3_nested_directory_to_file ... ok
test checkout::worktree::tests::unsupported_optional_extension_is_preserved_and_refused ... ok
test checkout::worktree::tests::unsupported_symlink_payload_is_rejected_before_mutation::case_1_empty ... ok
test checkout::worktree::tests::unsupported_symlink_payload_is_rejected_before_mutation::case_2_nul ... ok
test checkout::worktree::tests::updates_raw_content_and_modes::case_2_executable ... ok
test checkout::worktree::tests::updates_raw_content_and_modes::case_1_regular ... ok
test checkout::worktree::tests::updates_raw_content_and_modes::case_4_link_to_file ... ok
test checkout::worktree::tests::updates_raw_content_and_modes::case_3_link ... ok
test checkout::worktree::tests::wrong_kind_blob_is_rejected_before_mutation ... ok
test clone::config::tests::preserves_other_writers_config_and_releases_owned_lock ... ok
test clone::config::tests::preserves_quoted_url_bytes_and_branch_configuration ... ok
test clone::plan::tests::default_selection::case_1_symbolic ... ok
test clone::plan::tests::default_selection::case_2_detached_equal_branches ... ok
test clone::plan::tests::default_selection::case_3_detached_only ... ok
test clone::plan::tests::default_selection::case_4_empty ... ok
test clone::plan::tests::default_selection::case_5_unborn_hint ... ok
test clone::plan::tests::explicit_branch::case_1_existing ... ok
test clone::plan::tests::explicit_branch::case_2_empty ... ok
test clone::plan::tests::missing_selected_branch_is_not_treated_as_empty ... ok
test clone::plan::tests::rejects_invalid_defaults::case_1_missing_head ... ok
test clone::plan::tests::rejects_invalid_defaults::case_2_mismatched_head ... ok
test clone::plan::tests::rejects_invalid_defaults::case_3_missing_target ... ok
test clone::plan::tests::rejects_invalid_defaults::case_4_missing_head_id ... ok
test clone::plan::tests::rejects_invalid_defaults::case_5_duplicate_hint ... ok
test clone::plan::tests::rejects_invalid_defaults::case_6_nonbranch_hint ... ok
test clone::plan::tests::rejects_invalid_defaults::case_7_invalid_hint ... ok
test clone::plan::tests::rejects_invalid_defaults::case_8_duplicate_ref ... ok
test clone::plan::tests::remaps_actual_advertisement_after_preview ... ok
test checkout::worktree::tests::updates_raw_content_and_modes::case_5_changed_link ... ok
test clone::workflow::tests::cancellation_before_finish_leaves_destination_absent ... ok
test clone::workflow::tests::cancelled_after_initialization_keeps_empty_repository ... ok
test clone::workflow::tests::destination_race_preserves_other_content ... ok
test clone::workflow::tests::config_lock_failure_retains_fetch_and_initial_head ... ok
test clone::workflow::tests::detached_append_dependency_lock_failure_keeps_initial_head_and_completed_fetch ... ok
test clone::workflow::tests::dropping_ready_does_not_initialize ... ok
test clone::workflow::tests::fetch_reference_lock_failure_retains_pack_without_configuration ... ok
test clone::workflow::tests::head_lock_failure_retains_config_and_fetch_without_local_branch ... ok
test clone::workflow::tests::invalid_url_has_no_effects::case_1_empty ... ok
test clone::workflow::tests::invalid_url_has_no_effects::case_2_nul ... ok
test clone::workflow::tests::invalid_url_has_no_effects::case_3_cr ... ok
test clone::workflow::tests::missing_destination_parent_is_not_created ... ok
test clone::workflow::tests::transfer_error_before_selection_keeps_original_cause ... ok
test clone::workflow::tests::urls_are_not_in_request_debug ... ok
test clone::workflow::tests::index_install_failure_reports_unindexed_residual_pack ... ok
test commit::dual_format_tests::parsing_rejects_foreign_parent::case_1_sha1 ... ok
test commit::dual_format_tests::parsing_rejects_foreign_parent::case_2_sha256 ... ok
test commit::dual_format_tests::sha256_nonhex_tree_is_not_an_identity ... ok
test commit::format_boundary_tests::rejects_sha256_fields::case_1_tree ... ok
test commit::format_boundary_tests::rejects_sha256_fields::case_2_parent ... ok
test commit::identity::tests::interprets_numbers_without_construction_policy::case_01_pre_epoch ... ok
test commit::identity::tests::interprets_numbers_without_construction_policy::case_02_minimum ... ok
test commit::identity::tests::interprets_numbers_without_construction_policy::case_03_maximum ... ok
test commit::identity::tests::interprets_numbers_without_construction_policy::case_04_padded ... ok
test commit::identity::tests::interprets_numbers_without_construction_policy::case_05_tabs ... ok
test commit::identity::tests::interprets_numbers_without_construction_policy::case_06_short ... ok
test commit::identity::tests::interprets_numbers_without_construction_policy::case_07_hours ... ok
test commit::identity::tests::interprets_numbers_without_construction_policy::case_08_minutes ... ok
test commit::identity::tests::interprets_numbers_without_construction_policy::case_09_trailing ... ok
test commit::identity::tests::interprets_numbers_without_construction_policy::case_10_suffix ... ok
test commit::identity::tests::interprets_numbers_without_construction_policy::case_11_adjacent ... ok
test commit::identity::tests::preserves_bytes_after_interpretation_error::case_1_empty ... ok
test commit::identity::tests::preserves_bytes_after_interpretation_error::case_2_missing_zone ... ok
test commit::identity::tests::preserves_bytes_after_interpretation_error::case_3_overflow ... ok
test commit::identity::tests::preserves_bytes_after_interpretation_error::case_4_underflow ... ok
test commit::identity::tests::preserves_bytes_after_interpretation_error::case_5_text ... ok
test commit::identity::tests::preserves_bytes_after_interpretation_error::case_6_unsigned ... ok
test commit::identity::tests::preserves_bytes_after_interpretation_error::case_7_zone_text ... ok
test commit::identity::tests::preserves_bytes_after_interpretation_error::case_8_zone_overflow ... ok
test commit::payload::tests::rejects_unframed_payloads::case_1_orphan ... ok
test commit::payload::tests::rejects_unframed_payloads::case_2_no_space ... ok
test commit::payload::tests::rejects_unframed_payloads::case_3_tab ... ok
test commit::payload::tests::rejects_unframed_payloads::case_4_bad_name ... ok
test commit::payload::tests::rejects_unframed_payloads::case_5_truncated ... ok
test commit::payload::tests::rejects_unframed_payloads::case_6_missing_separator ... ok
test commit::payload::tests::rejects_unframed_payloads::case_7_empty ... ok
test commit::payload::tests::removes_only_selected_span::case_1_first ... ok
test commit::payload::tests::removes_only_selected_span::case_2_middle ... ok
test commit::payload::tests::removes_only_selected_span::case_3_last ... ok
test commit::payload::tests::removes_selected_set_in_payload_order ... ok
test commit::payload::tests::retains_uninterpreted_headers::case_1_empty ... ok
test commit::payload::tests::retains_uninterpreted_headers::case_2_reordered ... ok
test commit::payload::tests::retains_uninterpreted_headers::case_3_opaque ... ok
test commit::payload::tests::unfolds_only_framing_spaces ... ok
test commit::tests::constructs_root_with_literal_payload_and_identity ... ok
test commit::tests::interprets_identity_delimiters::case_1_no_space ... ok
test commit::tests::interprets_identity_delimiters::case_2_overlap ... ok
test commit::tests::interprets_identity_delimiters::case_3_closing ... ok
test commit::tests::interprets_identity_delimiters::case_4_whitespace ... ok
test commit::tests::parses_date_boundaries::case_1_negative_offset ... ok
test commit::tests::parses_date_boundaries::case_2_max_seconds ... ok
test commit::tests::parses_date_boundaries::case_3_min_seconds ... ok
test commit::tests::preserves_message_bytes::case_1_empty ... ok
test commit::tests::preserves_message_bytes::case_2_no_final_newline ... ok
test commit::tests::preserves_message_bytes::case_3_binary ... ok
test commit::tests::preserves_ordered_merge_parents_including_duplicates ... ok
test commit::tests::preserves_readable_fields_that_fail_validation::case_1_empty_name ... ok
test commit::tests::preserves_readable_fields_that_fail_validation::case_2_empty_email ... ok
test commit::tests::preserves_readable_fields_that_fail_validation::case_3_nul ... ok
test commit::tests::preserves_readable_fields_that_fail_validation::case_4_cr ... ok
test commit::tests::preserves_readable_fields_that_fail_validation::case_5_leading_space ... ok
test commit::tests::preserves_unknown_repeated_and_multiline_headers ... ok
test commit::tests::rejects_incomplete_or_unsupported_headers::case_1_missing_separator ... ok
test commit::tests::rejects_incomplete_or_unsupported_headers::case_2_missing_headers ... ok
test commit::tests::rejects_incomplete_or_unsupported_headers::case_3_short_id ... ok
test commit::tests::rejects_incomplete_or_unsupported_headers::case_4_sha256 ... ok
test commit::tests::rejects_incomplete_or_unsupported_headers::case_5_nonhex ... ok
test commit::tests::rejects_incomplete_or_unsupported_headers::case_6_bad_parent ... ok
test commit::tests::rejects_incomplete_or_unsupported_headers::case_7_reordered ... ok
test commit::tests::rejects_new_identity_components::case_1_empty ... ok
test commit::tests::rejects_new_identity_components::case_2_newline ... ok
test commit::tests::rejects_new_identity_components::case_3_angle ... ok
test commit::tests::rejects_new_identity_components::case_4_closing_angle ... ok
test commit::tests::rejects_new_invalid_header_names::case_1_empty ... ok
test commit::tests::rejects_new_invalid_header_names::case_2_space ... ok
test commit::tests::rejects_new_invalid_header_names::case_3_newline ... ok
test commit::tests::rejects_new_invalid_header_names::case_4_non_ascii ... ok
test commit::tests::rejects_new_invalid_header_names::case_5_nul ... ok
test commit::tests::rejects_new_invalid_header_names::case_6_tree ... ok
test commit::tests::rejects_new_invalid_header_names::case_7_parent ... ok
test commit::tests::rejects_new_invalid_header_names::case_8_author ... ok
test commit::tests::rejects_new_invalid_header_names::case_9_committer ... ok
test commit::tests::rejects_new_offset_out_of_range::case_1_positive ... ok
test commit::tests::rejects_new_offset_out_of_range::case_2_negative ... ok
test commit::tests::rejects_new_offset_out_of_range::case_3_minimum ... ok
test commit::tests::rejects_unreadable_dates::case_1_overflow ... ok
test commit::tests::rejects_unreadable_dates::case_2_underflow ... ok
test commit::tests::rejects_unreadable_dates::case_3_empty_seconds ... ok
test commit::tests::rejects_unreadable_dates::case_4_nonnumeric ... ok
test commit::tests::rejects_unreadable_dates::case_5_no_offset ... ok
test commit::tests::rejects_unreadable_dates::case_6_no_sign ... ok
test commit::tests::rejects_unreadable_dates::case_7_zone_letters ... ok
test commit::tests::rejects_unreadable_identities::case_1_no_email ... ok
test commit::tests::rejects_unreadable_identities::case_2_no_closing_bracket ... ok
test commit::tests::retains_header_values_rejected_by_construction::case_1_nul ... ok
test commit::tests::retains_header_values_rejected_by_construction::case_2_cr ... ok
test commit::tests::retains_legacy_extra_headers::case_1_orphan_continuation ... ok
test commit::tests::retains_legacy_extra_headers::case_2_missing_space ... ok
test commit::tests::retains_legacy_extra_headers::case_3_tab_continuation ... ok
test commit::tests::retains_legacy_extra_headers::case_4_repeated_tree ... ok
test commit::tests::retains_legacy_extra_headers::case_5_misplaced_parent ... ok
test commit::tests::retains_legacy_extra_headers::case_6_repeated_author ... ok
test commit::tests::retains_legacy_extra_headers::case_7_repeated_committer ... ok
test commit::tests::retains_lexical_details_until_explicit_reconstruction ... ok
test config::document::tests::append_escapes_values::case_1_empty ... ok
test config::document::tests::append_escapes_values::case_2_no_newline ... ok
test config::document::tests::append_escapes_values::case_3_comment ... ok
test config::document::tests::append_escapes_values::case_4_trailing_continuation ... ok
test config::document::tests::invalid_edits_retain_exact_bytes ... ok
test config::document::tests::preserves_repeated_sections_and_unrelated_bytes ... ok
test config::document::tests::replaces_only_value::case_1_comments ... ok
test config::document::tests::replaces_only_value::case_2_implicit ... ok
test config::document::tests::replaces_only_value::case_3_empty ... ok
test config::document::tests::replaces_only_value::case_4_continued ... ok
test config::document::tests::replaces_only_value::case_5_bom ... ok
test config::edit::tests::changed_lock_reports_cleanup_failure_without_removing_replacement ... ok
test config::edit::tests::creation_after_acquisition_is_not_overwritten ... ok
test config::edit::tests::deletion_after_acquisition_is_not_recreated ... ok
test config::edit::tests::failed_descriptor_write_preserves_destination ... ok
test config::edit::tests::failed_rename_preserves_destination ... ok
test config::edit::tests::injected_cleanup_fault_retains_both_causes_and_owned_lock ... ok
test config::edit::tests::lifecycle_and_contention::case_1_missing ... ok
test config::edit::tests::lifecycle_and_contention::case_2_empty ... ok
test config::edit::tests::lifecycle_and_contention::case_3_existing ... ok
test config::edit::tests::limit_rejection_and_drop_preserve_original ... ok
test config::edit::tests::malformed_source_releases_only_owned_lock ... ok
test config::edit::tests::replacement_preserves_restrictive_source_permissions ... ok
test config::edit::tests::stale_snapshot_and_competing_noncooperating_write ... ok
test config::edit::tests::symlink_destination_is_rejected ... ok
test config::parse::tests::parses_values::case_1_quote ... ok
test config::parse::tests::parses_values::case_2_continuation ... ok
test config::parse::tests::parses_values::case_3_escapes ... ok
test config::parse::tests::parses_values::case_4_bytes ... ok
test config::parse::tests::parses_values::case_5_empty_quote_prefix ... ok
test config::parse::tests::parses_values::case_6_continued_prefix ... ok
test config::parse::tests::rejects_syntax::case_1_outside ... ok
test config::parse::tests::rejects_syntax::case_2_escape ... ok
test config::parse::tests::rejects_syntax::case_3_quote ... ok
test config::parse::tests::rejects_syntax::case_4_nul ... ok
test config::parse::tests::rejects_syntax::case_5_double_cr_escape ... ok
test config::parse::tests::repeated_keys_and_subsections ... ok
test config::resolution::tests::empty_environment::case_1_empty ... ok
test config::resolution::tests::empty_environment::case_2_absent ... ok
test config::resolution::tests::empty_environment::case_3_zero ... ok
test config::resolution::tests::missing_home_context_fails_without_ambient_lookup ... ok
test config::resolution::tests::named_home_and_prefix_expansion_use_explicit_context ... ok
test config::resolution::tests::rejects_environment_input::case_1_missing_key ... ok
test config::resolution::tests::rejects_environment_input::case_2_missing_value ... ok
test config::resolution::tests::rejects_environment_input::case_3_negative ... ok
test config::resolution::tests::rejects_environment_input::case_4_limit ... ok
test config::resolution::tests::rejects_environment_input::case_5_bad_key ... ok
test config::resolution::tests::rejects_environment_input::case_6_nul ... ok
test config::resolution::tests::repeated_expansion_is_bounded_even_when_reads_are_cached ... ok
test config::resolution::tests::runtime_relative_include_has_contextual_error ... ok
test config::wildmatch::tests::glob::case_1_single ... ok
test config::wildmatch::tests::glob::case_2_recursive ... ok
test config::wildmatch::tests::glob::case_3_zero_components ... ok
test config::wildmatch::tests::glob::case_4_tail ... ok
test config::wildmatch::tests::glob::case_5_class ... ok
test config::wildmatch::tests::glob::case_6_escape ... ok
test config::wildmatch::tests::glob::case_7_question ... ok
test content_diff::blobs::tests::absent_sides_are_empty::case_1_old ... ok
test content_diff::blobs::tests::absent_sides_are_empty::case_2_new ... ok
test clone::workflow::tests::verification_limit_failure_retains_installed_objects_without_refs ... ok
test content_diff::blobs::tests::absent_sides_are_empty::case_3_both ... ok
test content_diff::blobs::tests::accepts_blob_modes_with_exact_cumulative_limit::case_1_regular ... ok
test content_diff::blobs::tests::accepts_blob_modes_with_exact_cumulative_limit::case_2_executable ... ok
test content_diff::blobs::tests::accepts_blob_modes_with_exact_cumulative_limit::case_3_symlink_bytes ... ok
test content_diff::blobs::tests::bounds_decoding_before_retaining_payload::case_1_first_payload ... ok
test content_diff::blobs::tests::bounds_decoding_before_retaining_payload::case_2_combined_payload ... ok
test content_diff::blobs::tests::cancellation_precedes_mode_errors_and_reads ... ok
test content_diff::blobs::tests::corrupt_payload_retains_storage_source ... ok
test content_diff::blobs::tests::missing_equal_ids_are_not_skipped ... ok
test content_diff::blobs::tests::missing_replacement_fails_after_reading_original ... ok
test content_diff::blobs::tests::per_read_limit_remains_independent ... ok
test content_diff::blobs::tests::rejects_non_blob_modes_before_reading_either_side::case_1_tree ... ok
test content_diff::blobs::tests::rejects_non_blob_modes_before_reading_either_side::case_2_gitlink ... ok
test content_diff::tests::auto_accepts_invalid_utf8_without_nul ... ok
test content_diff::tests::auto_scans_past_git_sampling_window ... ok
test content_diff::tests::binary_keeps_exact_payloads::case_1_nul_old ... ok
test content_diff::tests::binary_keeps_exact_payloads::case_2_nul_new ... ok
test content_diff::tests::binary_keeps_exact_payloads::case_3_forced ... ok
test content_diff::tests::binary_keeps_exact_payloads::case_4_binary_add ... ok
test content_diff::tests::binary_keeps_exact_payloads::case_5_binary_delete ... ok
test content_diff::tests::bytes_bound_also_applies_without_search::case_1_equal ... ok
test content_diff::tests::bytes_bound_also_applies_without_search::case_2_binary ... ok
test content_diff::tests::cancellation_precedes_fast_paths::case_1_empty ... ok
test content_diff::tests::cancellation_precedes_fast_paths::case_2_binary ... ok
test content_diff::tests::cancellation_precedes_fast_paths::case_3_text ... ok
test content_diff::tests::checked_budget_rejects_underflow_and_accepts_usize_max ... ok
test content_diff::tests::checkpoints_observe_cancellation_after_prior_work ... ok
test content_diff::tests::edit_shapes::case_01_add ... ok
test content_diff::tests::edit_shapes::case_02_delete ... ok
test content_diff::tests::edit_shapes::case_03_replace ... ok
test content_diff::tests::edit_shapes::case_04_insert_middle ... ok
test content_diff::tests::edit_shapes::case_05_delete_middle ... ok
test content_diff::tests::edit_shapes::case_06_two_edits ... ok
test content_diff::tests::edit_shapes::case_07_repeated_prefix ... ok
test content_diff::tests::edit_shapes::case_08_ambiguous_swap ... ok
test content_diff::tests::edit_shapes::case_09_blank_lines ... ok
test content_diff::tests::edit_shapes::case_10_crlf ... ok
test content_diff::tests::edit_shapes::case_11_cr_is_not_delimiter ... ok
test content_diff::tests::edit_shapes::case_12_no_final_lf ... ok
test content_diff::tests::edit_shapes::case_13_add_final_lf ... ok
test content_diff::tests::edit_shapes::case_14_non_utf8 ... ok
test content_diff::tests::edit_shapes::case_15_nul_text ... ok
test content_diff::tests::empty_equal_inputs_need_no_budget ... ok
test content_diff::tests::equality_precedes_classification::case_1_empty ... ok
test content_diff::tests::equality_precedes_classification::case_2_text ... ok
test content_diff::tests::equality_precedes_classification::case_3_nul_auto ... ok
test content_diff::tests::equality_precedes_classification::case_4_binary ... ok
test content_diff::tests::exact_input_line_trace_bounds_succeed ... ok
test content_diff::tests::exact_work_bound_for_empty_side ... ok
test content_diff::blobs::tests::wrong_kind_retains_identity_and_actual_kind ... ok
test content_diff::tests::large_addition_does_not_allocate_quadratic_trace ... ok
test content_diff::tests::exhaustive_short_sequences_reconstruct_with_minimum_cost ... ok
test content_diff::tests::large_small_edit_fits_tiny_trace ... ok
test content_diff::tests::line_bound_counts_unterminated_fragment ... ok
test content_diff::tests::long_equal_lines_charge_bytes_not_just_comparisons ... ok
test content_diff::tests::rejects_exhausted_bounds::case_1_bytes ... ok
test content_diff::tests::rejects_exhausted_bounds::case_2_lines ... ok
test content_diff::tests::rejects_exhausted_bounds::case_3_trace ... ok
test content_diff::tests::rejects_exhausted_bounds::case_4_work ... ok
test content_diff::tests::traceback_counts_toward_work_budget::case_1_one_short ... ok
test content_diff::tests::traceback_counts_toward_work_budget::case_2_exact ... ok
test content_diff::tests::varied_byte_sequences_preserve_boundaries_and_minimum_cost ... ok
test fetch::connectivity::tests::bounds_edge_occurrences ... ok
test fetch::connectivity::tests::combined_graph_charges_local_edges_to_verification_budget ... ok
test fetch::connectivity::tests::combined_graph_records_only_used_local_dependencies ... ok
test fetch::connectivity::tests::combined_graph_rejects_wrong_local_edge_kind ... ok
test fetch::connectivity::tests::nested_tags_can_reach_noncommit_objects ... ok
test fetch::connectivity::tests::rejects_malformed_reachable_payload::case_1_tree ... ok
test fetch::connectivity::tests::rejects_malformed_reachable_payload::case_2_commit ... ok
test fetch::connectivity::tests::rejects_malformed_reachable_payload::case_3_tag ... ok
test fetch::connectivity::tests::rejects_missing_edges::case_1_missing_tree ... ok
test fetch::connectivity::tests::rejects_missing_edges::case_2_missing_blob ... ok
test fetch::connectivity::tests::rejects_missing_edges::case_3_missing_tag_target ... ok
test fetch::connectivity::tests::rejects_missing_parent_even_when_tree_is_complete ... ok
test fetch::connectivity::tests::rejects_wrong_edge_kind::case_1_commit_tree ... ok
test fetch::connectivity::tests::rejects_wrong_edge_kind::case_2_subtree ... ok
test fetch::connectivity::tests::rejects_wrong_edge_kind::case_3_tag_target ... ok
test fetch::connectivity::tests::skips_gitlinks_to_external_submodules ... ok
test fetch::import::format_tests::validates_empty_and_rejects_wrong_format_and_truncation::case_1_sha1 ... ok
test fetch::import::format_tests::validates_empty_and_rejects_wrong_format_and_truncation::case_2_sha256 ... ok
test fetch::import::git_format_tests::imports_git_deltas_and_git_verifies_generated_index::case_1_sha1_ref ... ok
test fetch::import::git_format_tests::imports_git_deltas_and_git_verifies_generated_index::case_2_sha256_ref ... ok
test content_diff::tests::large_unrelated_input_returns_a_limit_not_a_partial_script ... ok
test checkout::worktree::tests::cancellation_in_removed_path_verification_preserves_the_old_index ... ok
test fetch::import::tests::cancellation_precedes_pack_validation::case_1_sha1 ... ok
test fetch::import::tests::cancellation_precedes_pack_validation::case_2_sha256 ... ok
test fetch::import::tests::delta_limits::case_1_depth_sha1 ... ok
test fetch::import::tests::delta_limits::case_2_depth_sha256 ... ok
test fetch::import::tests::delta_limits::case_3_program_sha1 ... ok
test fetch::import::tests::delta_limits::case_4_program_sha256 ... ok
test fetch::import::tests::delta_limits::case_5_reconstructed_bytes_sha1 ... ok
test fetch::import::tests::delta_limits::case_6_reconstructed_bytes_sha256 ... ok
test fetch::import::tests::delta_limits::case_7_resolution_work_sha1 ... ok
test fetch::import::tests::delta_limits::case_8_resolution_work_sha256 ... ok
test fetch::import::tests::exact_delta_limits_succeed::case_1_sha1 ... ok
test fetch::import::tests::exact_delta_limits_succeed::case_2_sha256 ... ok
test fetch::import::tests::rejects_bad_offset_base::case_1_before_pack_sha1 ... ok
test fetch::import::tests::rejects_bad_offset_base::case_2_before_pack_sha256 ... ok
test fetch::import::tests::rejects_bad_offset_base::case_3_self_reference_sha1 ... ok
test fetch::import::tests::rejects_bad_offset_base::case_4_self_reference_sha256 ... ok
test fetch::import::tests::rejects_bad_offset_base::case_5_not_entry_boundary_sha1 ... ok
test fetch::import::tests::rejects_bad_offset_base::case_6_not_entry_boundary_sha256 ... ok
test fetch::import::tests::rejects_duplicate_identities::case_1_sha1 ... ok
test fetch::import::tests::rejects_duplicate_identities::case_2_sha256 ... ok
test fetch::import::tests::rejects_entry_framing_even_with_valid_checksum::case_1_bad_zlib_sha1 ... ok
test fetch::import::tests::rejects_entry_framing_even_with_valid_checksum::case_2_bad_zlib_sha256 ... ok
test fetch::import::tests::rejects_entry_framing_even_with_valid_checksum::case_3_truncated_zlib_sha1 ... ok
test fetch::import::tests::rejects_entry_framing_even_with_valid_checksum::case_4_truncated_zlib_sha256 ... ok
test fetch::import::tests::rejects_entry_framing_even_with_valid_checksum::case_5_wrong_length_sha1 ... ok
test fetch::import::tests::rejects_entry_framing_even_with_valid_checksum::case_6_wrong_length_sha256 ... ok
test fetch::import::tests::rejects_entry_framing_even_with_valid_checksum::case_7_trailing_sha1 ... ok
test fetch::import::tests::rejects_entry_framing_even_with_valid_checksum::case_8_trailing_sha256 ... ok
test fetch::import::tests::rejects_external_base::case_1_sha1 ... ok
test fetch::import::tests::rejects_external_base::case_2_sha256 ... ok
test fetch::import::tests::rejects_invalid_delta_program::case_1_reserved_instruction_sha1 ... ok
test fetch::import::tests::rejects_invalid_delta_program::case_2_reserved_instruction_sha256 ... ok
test fetch::import::tests::rejects_invalid_delta_program::case_3_wrong_base_length_sha1 ... ok
test fetch::import::tests::rejects_invalid_delta_program::case_4_wrong_base_length_sha256 ... ok
test fetch::import::tests::rejects_invalid_delta_program::case_5_short_result_sha1 ... ok
test fetch::import::tests::rejects_invalid_delta_program::case_6_short_result_sha256 ... ok
test fetch::import::tests::rejects_invalid_delta_program::case_7_copy_outside_sha1 ... ok
test fetch::import::tests::rejects_invalid_delta_program::case_8_copy_outside_sha256 ... ok
test fetch::import::tests::rejects_reserved_type::case_1_reserved_sha1 ... ok
test fetch::import::tests::rejects_reserved_type::case_2_reserved_sha256 ... ok
test fetch::import::tests::rejects_reserved_type::case_3_unused_sha1 ... ok
test fetch::import::tests::rejects_reserved_type::case_4_unused_sha256 ... ok
test fetch::import::tests::resolves_forward_ref_base_and_generates_readable_index::case_1_sha1 ... ok
test fetch::import::tests::resolves_forward_ref_base_and_generates_readable_index::case_2_sha256 ... ok
test fetch::import::tests::resolves_ofs_base::case_1_sha1 ... ok
test fetch::import::tests::resolves_ofs_base::case_2_sha256 ... ok
test fetch::known::tests::cancelled_preparation_retains_no_partial_knowledge ... ok
test fetch::known::tests::corrupt_local_dependency_reports_identity_and_storage_cause ... ok
test fetch::known::tests::exact_count_and_edges_skip_gitlinks_and_bound_haves ... ok
test fetch::known::tests::incomplete_history_cannot_be_offered::case_1_missing ... ok
test fetch::known::tests::incomplete_history_cannot_be_offered::case_2_corrupt ... ok
test fetch::known::tests::rejects_local_work_bounds::case_1_objects ... ok
test fetch::known::tests::rejects_local_work_bounds::case_2_bytes ... ok
test fetch::known::tests::rejects_local_work_bounds::case_3_edges ... ok
test fetch::known::tests::rejects_local_work_bounds::case_4_roots ... ok
test checkout::worktree::tests::deletion_heavy_checkout_verifies_absence_across_small_directories ... ok
test fetch::import::git_format_tests::imports_git_deltas_and_git_verifies_generated_index::case_3_sha1_ofs ... ok
test fetch::import::git_format_tests::imports_git_deltas_and_git_verifies_generated_index::case_4_sha256_ofs ... ok
test fetch::protocol::tests::accepts_supported_ack_sequences::case_1_nak ... ok
test fetch::protocol::tests::accepts_supported_ack_sequences::case_2_plain ... ok
test fetch::protocol::tests::accepts_supported_ack_sequences::case_3_multi ... ok
test fetch::protocol::tests::cancellation_after_advertisement_skips_selection ... ok
test fetch::protocol::tests::rejects_invalid_or_unbounded_ack_sequences::case_1_unknown ... ok
test fetch::protocol::tests::rejects_invalid_or_unbounded_ack_sequences::case_2_ready ... ok
test fetch::protocol::tests::rejects_invalid_or_unbounded_ack_sequences::case_3_common ... ok
test fetch::protocol::tests::rejects_invalid_or_unbounded_ack_sequences::case_4_truncated ... ok
test fetch::protocol::tests::rejects_invalid_or_unbounded_ack_sequences::case_5_nak_after_continue ... ok
test fetch::protocol::tests::rejects_invalid_or_unbounded_ack_sequences::case_6_duplicate ... ok
test fetch::protocol::tests::rejects_invalid_or_unbounded_ack_sequences::case_7_empty ... ok
test fetch::protocol::tests::rejects_unrequested_multi_ack ... ok
test fetch::tests::accepts_empty_flush_advertisement ... ok
test fetch::tests::empty_server_and_selection_complete_without_pack ... ok
test fetch::tests::exact_byte_and_count_bounds_succeed ... ok
test fetch::tests::flag_cancels_before_io ... ok
test fetch::tests::flag_set_during_progress_cancels ... ok
test fetch::tests::ignores_unrequested_caps_and_accepts_missing_lf ... ok
test fetch::tests::interrupted_read_is_not_retried ... ok
test fetch::tests::interrupted_write_is_not_retried ... ok
test fetch::tests::negotiates_only_supported_capabilities_and_deduplicates_wants ... ok
test fetch::tests::preserves_remote_errors::case_1_early ... ok
test fetch::tests::preserves_remote_errors::case_2_fatal_band ... ok
test fetch::tests::progress_can_cancel ... ok
test fetch::tests::refuses_sha256_advertisement_without_request_bytes ... ok
test fetch::tests::refuses_sha256_selection_without_request_bytes ... ok
test fetch::tests::refuses_unadvertised_want_before_writing ... ok
test fetch::tests::rejects_advertisements::case_1_version ... ok
test fetch::tests::rejects_advertisements::case_2_shallow ... ok
test fetch::tests::rejects_advertisements::case_3_missing_caps ... ok
test fetch::tests::rejects_advertisements::case_4_sha256 ... ok
test fetch::tests::rejects_advertisements::case_5_zero ... ok
test fetch::tests::rejects_advertisements::case_6_bad_name ... ok
test fetch::tests::rejects_advertisements::case_7_unmatched_peeled ... ok
test fetch::tests::rejects_bad_framing::case_1_short_header ... ok
test fetch::tests::rejects_bad_framing::case_2_bad_hex ... ok
test fetch::tests::rejects_bad_framing::case_3_v2_delimiter ... ok
test fetch::tests::rejects_bad_framing::case_4_response_end ... ok
test fetch::tests::rejects_bad_framing::case_5_too_large ... ok
test fetch::tests::rejects_bad_framing::case_6_empty_data ... ok
test fetch::tests::rejects_bad_framing::case_7_short_payload ... ok
test fetch::tests::rejects_corrupt_pack_checksum ... ok
test fetch::tests::rejects_invalid_sideband ... ok
test fetch::tests::rejects_missing_wanted_identity ... ok
test fetch::tests::rejects_unexpected_negotiation::case_1_ack ... ok
test fetch::tests::rejects_unexpected_negotiation::case_2_flush ... ok
test fetch::tests::requires_complete_response::case_1_missing_flush ... ok
test fetch::tests::requires_complete_response::case_2_truncated_pack ... ok
test fetch::tests::requires_complete_response::case_3_trailing ... ok
test fetch::tests::resource_bounds::case_1_wire ... ok
test fetch::tests::resource_bounds::case_2_advertisement ... ok
test fetch::tests::resource_bounds::case_3_refs ... ok
test fetch::tests::resource_bounds::case_4_wants ... ok
test fetch::tests::resource_bounds::case_5_pack ... ok
test fetch::tests::resource_bounds::case_6_objects ... ok
test fetch::tests::resource_bounds::case_7_payload ... ok
test fetch::tests::resource_bounds::case_8_decode ... ok
test fetch::tests::resource_bounds::case_9_work ... ok
test fetch::update::tests::commit_decisions::case_1_fast_forward ... ok
test fetch::update::tests::commit_decisions::case_2_forced ... ok
test fetch::update::tests::reject_unauthorized_rewind::case_1_neither ... ok
test fetch::update::tests::reject_unauthorized_rewind::case_2_syntax_only ... ok
test fetch::update::tests::reject_unauthorized_rewind::case_3_authorization_only ... ok
test fetch::workflow::tests::changed_advertisement_replans_mapping ... ok
test fetch::workflow::tests::empty_refspec_list_is_a_noop_plan ... ok
test fetch::workflow::tests::mapping_error_selects_nothing_and_preserves_error ... ok
test fetch::workflow::tests::rejects_unsupported_destinations::case_1_branch ... ok
test fetch::workflow::tests::rejects_unsupported_destinations::case_2_private ... ok
test fetch::workflow::tests::rejects_unsupported_destinations::case_3_other ... ok
test fetch::workflow::tests::remote_tracking_replacement_defers_object_checks ... ok
test fetch::workflow::tests::symbolic_destination_cannot_redirect_to_branch ... ok
test fetch::workflow::tests::tag_decisions::case_1_create ... ok
test fetch::workflow::tests::tag_decisions::case_2_same ... ok
test fetch::workflow::tests::tag_decisions::case_3_authorized ... ok
test fetch::workflow::tests::tag_replacement_requires_both::case_1_neither ... ok
test fetch::workflow::tests::tag_replacement_requires_both::case_2_syntax_only ... ok
test fetch::workflow::tests::tag_replacement_requires_both::case_3_authorization_only ... ok
test fetch::workflow::tests::wildcard_exclusion_and_source_only_keep_advertised_ids ... ok
test history::tests::deep_history_uses_no_recursion ... ok
test history::tests::discovery_enforces_limit_before_queue_growth ... ok
test history::tests::duplicate_edges_are_acyclic ... ok
test history::tests::rejects_cycles::case_1_self_cycle ... ok
test history::tests::rejects_cycles::case_2_two_node_cycle ... ok
test index::codec::dual_format_tests::all_truncations_and_corrupt_checksum_are_rejected::case_1_sha1 ... ok
test index::codec::dual_format_tests::all_truncations_and_corrupt_checksum_are_rejected::case_2_sha256 ... ok
test index::codec::dual_format_tests::checksum_does_not_hide_truncated_entry_table::case_1_sha1 ... ok
test index::codec::dual_format_tests::checksum_does_not_hide_truncated_entry_table::case_2_sha256 ... ok
test index::codec::dual_format_tests::empty_indexes_require_the_selected_format::case_1_sha1 ... ok
test index::codec::dual_format_tests::empty_indexes_require_the_selected_format::case_2_sha256 ... ok
test index::codec::dual_format_tests::mixed_replacement_preserves_original::case_1_sha1 ... ok
test index::codec::dual_format_tests::mixed_replacement_preserves_original::case_2_sha256 ... ok
test index::codec::dual_format_tests::opaque_extensions_retain_exact_bytes_and_prevent_edits::case_1_sha1 ... ok
test index::codec::dual_format_tests::opaque_extensions_retain_exact_bytes_and_prevent_edits::case_2_sha256 ... ok
test index::codec::format_boundary_tests::rejects_sha256_index_entry ... ok
test index::codec::tests::bounded_parse_and_encode::case_1_bytes ... ok
test index::codec::tests::bounded_parse_and_encode::case_2_entries ... ok
test index::codec::tests::bounded_parse_and_encode::case_3_path ... ok
test index::codec::tests::changed_entries_invalidate_tree_cache ... ok
test index::codec::tests::empty_has_independent_header_and_checksum ... ok
test index::codec::tests::exact_limits_succeed ... ok
test index::codec::tests::extension_count_is_bounded ... ok
test index::codec::tests::failed_edit_preserves_entries_and_extensions ... ok
test index::codec::tests::huge_declared_entry_count_fails_before_allocation ... ok
test index::codec::tests::huge_declared_extension_length_fails_before_allocation ... ok
test index::codec::tests::opaque_extensions_roundtrip_and_block_edits::case_1_resolve_undo ... ok
test index::codec::tests::opaque_extensions_roundtrip_and_block_edits::case_2_unknown ... ok
test index::codec::tests::opaque_extensions_roundtrip_and_block_edits::case_3_fsmonitor ... ok
test index::codec::tests::opaque_extensions_roundtrip_and_block_edits::case_4_offsets ... ok
test index::codec::tests::optional_extension_order_is_preserved ... ok
test index::codec::tests::parsing_never_repairs_order_or_stages::case_1_unsorted ... ok
test index::codec::tests::parsing_never_repairs_order_or_stages::case_2_duplicate ... ok
test index::codec::tests::parsing_never_repairs_order_or_stages::case_3_normal_conflict ... ok
test index::codec::tests::rejects_checksum_damage ... ok
test index::codec::tests::rejects_invalid_paths::case_1_empty ... ok
test index::codec::tests::rejects_invalid_paths::case_2_absolute ... ok
test index::codec::tests::rejects_invalid_paths::case_3_trailing ... ok
test index::codec::tests::rejects_invalid_paths::case_4_double_slash ... ok
test index::codec::tests::rejects_invalid_paths::case_5_dot ... ok
test index::codec::tests::rejects_invalid_paths::case_6_parent ... ok
test index::codec::tests::rejects_invalid_paths::case_7_git ... ok
test index::codec::tests::rejects_invalid_paths::case_8_nul ... ok
test index::codec::tests::rejects_mandatory_extensions::case_1_split ... ok
test index::codec::tests::rejects_mandatory_extensions::case_2_sparse ... ok
test index::codec::tests::rejects_mandatory_extensions::case_3_unknown ... ok
test index::codec::tests::rejects_resigned_corruption::case_1_signature ... ok
test index::codec::tests::rejects_resigned_corruption::case_2_name_length ... ok
test index::codec::tests::rejects_resigned_corruption::case_3_padding ... ok
test index::codec::tests::rejects_resigned_corruption::case_4_extended_flags ... ok
test index::codec::tests::rejects_resigned_corruption::case_5_mode ... ok
test index::codec::tests::rejects_resigned_corruption::case_6_path ... ok
test index::codec::tests::rejects_resigned_corruption::case_7_count ... ok
test index::codec::tests::rejects_resigned_truncated_entry::case_1_short_entry ... ok
test index::codec::tests::rejects_resigned_truncated_entry::case_2_short_padding ... ok
test index::codec::tests::rejects_resigned_truncated_extension::case_1_header ... ok
test index::codec::tests::rejects_resigned_truncated_extension::case_2_payload ... ok
test index::codec::tests::rejects_stage_relationships::case_1_duplicate ... ok
test index::codec::tests::rejects_stage_relationships::case_2_normal_conflict ... ok
test index::codec::tests::rejects_stage_relationships::case_3_duplicate_conflict ... ok
test index::codec::tests::rejects_truncated_input::case_1_empty ... ok
test index::codec::tests::rejects_truncated_input::case_2_header ... ok
test index::codec::tests::rejects_truncated_input::case_3_checksum ... ok
test index::codec::tests::rejects_truncated_input::case_4_entry ... ok
test index::codec::tests::rejects_truncated_input::case_5_one_byte ... ok
test index::codec::tests::rejects_versions::case_1_v1 ... ok
test index::codec::tests::rejects_versions::case_2_v3 ... ok
test index::codec::tests::rejects_versions::case_3_v4 ... ok
test index::codec::tests::rejects_versions::case_4_unknown ... ok
test index::codec::tests::retains_modes_flags_and_every_stat_word::case_1_regular ... ok
test index::codec::tests::retains_modes_flags_and_every_stat_word::case_2_executable ... ok
test index::codec::tests::retains_modes_flags_and_every_stat_word::case_3_symlink ... ok
test index::codec::tests::retains_modes_flags_and_every_stat_word::case_4_gitlink ... ok
test index::codec::tests::retains_path_bytes_without_checkout_validation::case_1_non_utf8 ... ok
test index::codec::tests::retains_path_bytes_without_checkout_validation::case_2_long ... ok
test index::codec::tests::retains_path_bytes_without_checkout_validation::case_3_length_boundary ... ok
test index::codec::tests::retains_path_bytes_without_checkout_validation::case_4_below_boundary ... ok
test index::codec::tests::retains_path_bytes_without_checkout_validation::case_5_padding_one ... ok
test index::codec::tests::retains_path_bytes_without_checkout_validation::case_6_padding_eight ... ok
test index::codec::tests::retains_path_bytes_without_checkout_validation::case_7_platform_unsafe ... ok
test index::codec::tests::sorts_partial_conflict_stages ... ok
test index::codec::tests::validates_prefix_relationships::case_1_same_stage ... ok
test index::codec::tests::validates_prefix_relationships::case_2_normal_parent ... ok
test index::codec::tests::validates_prefix_relationships::case_3_normal_child ... ok
test index::codec::tests::validates_prefix_relationships::case_4_directory_file_conflict ... ok
test index::store::tests::absent_is_distinct_from_published_empty::case_1_sha1 ... ok
test index::store::tests::absent_is_distinct_from_published_empty::case_2_sha256 ... ok
test index::store::tests::bounded_read_preserves_storage::case_1_sha1 ... ok
test index::store::tests::bounded_read_preserves_storage::case_2_sha256 ... ok
test index::store::tests::detects_deleted_original::case_1_sha1 ... ok
test index::store::tests::detects_deleted_original::case_2_sha256 ... ok
test index::store::tests::detects_noncooperating_writer::case_1_created_sha1 ... ok
test index::store::tests::detects_noncooperating_writer::case_2_created_sha256 ... ok
test index::store::tests::detects_noncooperating_writer::case_3_modified_sha1 ... ok
test index::store::tests::detects_noncooperating_writer::case_4_modified_sha256 ... ok
test index::store::tests::directory_is_not_a_missing_index::case_1_sha1 ... ok
test index::store::tests::directory_is_not_a_missing_index::case_2_sha256 ... ok
test index::store::tests::encoding_failure_preserves_original::case_1_sha1 ... ok
test index::store::tests::encoding_failure_preserves_original::case_2_sha256 ... ok
test index::store::tests::explicit_abort_does_not_remove_replaced_lock::case_1_sha1 ... ok
test index::store::tests::explicit_abort_does_not_remove_replaced_lock::case_2_sha256 ... ok
test index::store::tests::foreign_lock_is_never_removed::case_1_sha1 ... ok
test index::store::tests::foreign_lock_is_never_removed::case_2_sha256 ... ok
test index::store::tests::invalid_edit_preserves_snapshot_and_storage::case_1_sha1 ... ok
test index::store::tests::invalid_edit_preserves_snapshot_and_storage::case_2_sha256 ... ok
test index::store::tests::invalid_read_releases_lock::case_1_sha1 ... ok
test index::store::tests::invalid_read_releases_lock::case_2_sha256 ... ok
test index::store::tests::lock_contention_and_drop_preserve_original::case_1_sha1 ... ok
test index::store::tests::lock_contention_and_drop_preserve_original::case_2_sha256 ... ok
test fetch::local::tests::deadline_interrupts_fetch_phases::case_1_advertisement ... ok
test index::store::tests::publication_preserves_stat_words_and_invalidates_timestamp_trust::case_1_sha1 ... ok
test index::store::tests::publication_preserves_stat_words_and_invalidates_timestamp_trust::case_2_sha256 ... ok
test index::store::tests::rename_failure_preserves_original::case_1_sha1 ... ok
test index::store::tests::rename_failure_preserves_original::case_2_sha256 ... ok
test index::store::tests::symlink_index_is_rejected_without_following_it::case_1_sha1 ... ok
test index::store::tests::symlink_index_is_rejected_without_following_it::case_2_sha256 ... ok
test index::store::tests::write_failure_preserves_original::case_1_sha1 ... ok
test index::store::tests::write_failure_preserves_original::case_2_sha256 ... ok
test loose::commit_storage_tests::bounds_commit_decompression_before_parsing ... ok
test loose::commit_storage_tests::commit_write_preserves_corrupt_file_and_cleans_temporary ... ok
test fetch::local::tests::deadline_interrupts_fetch_phases::case_2_after_advertisement ... ok
test loose::commit_storage_tests::concurrent_commit_writes_publish_one_object ... ok
test loose::commit_storage_tests::duplicate_commit_preserves_file_and_cleans_temporary ... ok
test loose::commit_storage_tests::failed_commit_publication_cleans_temporary ... ok
test loose::commit_storage_tests::reads_commit_at_exact_payload_limit::case_1_root ... ok
test loose::commit_storage_tests::rejects_corrupt_commit_framing::case_1_missing_terminator ... ok
test loose::commit_storage_tests::rejects_blob_through_commit_reader ... ok
test fetch::local::tests::deadline_interrupts_fetch_phases::case_3_exit_wait ... ok
test loose::commit_storage_tests::rejects_commit_one_byte_over_limit ... ok
test loose::commit_storage_tests::rejects_corrupt_commit_framing::case_2_missing_length ... ok
test loose::commit_storage_tests::rejects_corrupt_commit_framing::case_3_leading_zero ... ok
test loose::commit_storage_tests::rejects_corrupt_commit_framing::case_4_mismatched_length ... ok
test loose::commit_storage_tests::rejects_corrupt_commit_framing::case_5_wrong_identity ... ok
test loose::commit_storage_tests::reports_commit_parse_error_after_identity_verification::case_1_separator ... ok
test loose::commit_storage_tests::reports_missing_commit_without_creating_storage ... ok
test loose::commit_storage_tests::reports_commit_parse_error_after_identity_verification::case_2_identity ... ok
test loose::dual_format_tests::concurrent_publication_returns_same_identity::case_1_sha1 ... ok
test loose::dual_format_tests::concurrent_publication_returns_same_identity::case_2_sha256 ... ok
test loose::dual_format_tests::failed_publication_preserves_destination::case_1_sha1 ... ok
test loose::dual_format_tests::foreign_objects_fail_before_creating_storage::case_1_sha1 ... ok
test loose::dual_format_tests::failed_publication_preserves_destination::case_2_sha256 ... ok
test loose::dual_format_tests::foreign_objects_fail_before_creating_storage::case_2_sha256 ... ok
test loose::format_boundary_tests::rejects_sha256_before_accessing_missing_storage ... ok
test loose::dual_format_tests::foreign_commit_payload_is_not_reinterpreted ... ok
test loose::tag_storage_tests::bounds_tag_decompression_before_parsing ... ok
test loose::dual_format_tests::limits_duplicates_corruption_and_cleanup::case_1_sha1 ... ok
test loose::tag_storage_tests::concurrent_tag_writes_publish_one_object ... ok
test loose::dual_format_tests::limits_duplicates_corruption_and_cleanup::case_2_sha256 ... ok
test loose::tag_storage_tests::duplicate_tag_preserves_file_and_cleans_temporary ... ok
test loose::tag_storage_tests::failed_tag_publication_cleans_temporary ... ok
test loose::tag_storage_tests::reads_tag_at_exact_payload_limit::case_1_annotated ... ok
test loose::tag_storage_tests::rejects_blob_through_tag_reader ... ok
test loose::tag_storage_tests::rejects_corrupt_tag_framing::case_1_missing_terminator ... ok
test loose::tag_storage_tests::rejects_corrupt_tag_framing::case_2_missing_length ... ok
test loose::tag_storage_tests::rejects_corrupt_tag_framing::case_3_leading_zero ... ok
test loose::tag_storage_tests::rejects_corrupt_tag_framing::case_5_wrong_identity ... ok
test loose::tag_storage_tests::reports_missing_tag_without_creating_storage ... ok
test loose::tag_storage_tests::rejects_corrupt_tag_framing::case_4_mismatched_length ... ok
test loose::tag_storage_tests::reports_tag_parse_error_after_identity_verification::case_1_separator ... ok
test loose::tag_storage_tests::rejects_tag_one_byte_over_limit ... ok
test loose::tag_storage_tests::reports_tag_parse_error_after_identity_verification::case_2_identity ... ok
test loose::tag_storage_tests::tag_write_preserves_corrupt_file_and_cleans_temporary ... ok
test loose::tests::distinguishes_unknown_header_kind_from_wrong_requested_kind ... ok
test loose::tests::bounds_tree_decompression_before_parsing ... ok
test loose::tests::concurrent_tree_writes_publish_one_object ... ok
test loose::tests::failed_tree_publication_cleans_temporary ... ok
test loose::tests::reads_tree_at_exact_payload_limit::case_1_empty ... ok
test loose::tests::duplicate_tree_preserves_file_and_cleans_temporary ... ok
test loose::tests::reads_tree_at_exact_payload_limit::case_2_one_entry ... ok
test loose::tests::rejects_corrupt_tree_framing::case_1_missing_terminator ... ok
test loose::tests::rejects_corrupt_tree_framing::case_2_missing_length ... ok
test loose::tests::rejects_blob_through_tree_reader ... ok
test loose::tests::rejects_corrupt_tree_framing::case_3_leading_zero ... ok
test loose::tests::rejects_corrupt_tree_framing::case_4_mismatched_length ... ok
test loose::tests::reports_missing_tree_without_creating_storage ... ok
test loose::tests::rejects_corrupt_tree_framing::case_5_wrong_identity ... ok
test loose::tests::rejects_tree_one_byte_over_limit ... ok
test loose::tests::selects_sha1_without_creating_the_directory ... ok
test loose::tests::reports_tree_parse_error_after_identity_verification::case_1_missing_mode ... ok
test loose::tests::reports_tree_parse_error_after_identity_verification::case_2_missing_name ... ok
test object::format_tests::mixed_format_keys_preserve_all_bytes ... ok
test object::format_tests::preserves_full_digest_and_null::case_1_sha1 ... ok
test object::format_tests::preserves_full_digest_and_null::case_2_sha256 ... ok
test object::format_tests::rejects_invalid_hex::case_1_short_sha1 ... ok
test loose::tests::reports_tree_parse_error_after_identity_verification::case_3_truncated_id ... ok
test object::format_tests::rejects_invalid_hex::case_2_long_sha1 ... ok
test loose::tests::selects_sha256_without_creating_the_directory ... ok
test object::format_tests::rejects_invalid_hex::case_3_short_sha256 ... ok
test object::format_tests::rejects_invalid_hex::case_4_long_sha256 ... ok
test object::format_tests::rejects_invalid_hex::case_5_invalid_sha256 ... ok
test object::format_tests::rejects_invalid_hex::case_6_unicode_sha256 ... ok
test object::format_tests::rejects_other_formats_hex::case_1_sha1 ... ok
test object::format_tests::rejects_other_formats_hex::case_2_sha256 ... ok
test object::format_tests::rejects_wrong_raw_width::case_1_sha1_short ... ok
test object::format_tests::rejects_wrong_raw_width::case_2_sha1_long ... ok
test object::format_tests::rejects_wrong_raw_width::case_3_sha1_other ... ok
test object::format_tests::rejects_wrong_raw_width::case_4_sha256_short ... ok
test object::format_tests::rejects_wrong_raw_width::case_5_sha256_long ... ok
test object::format_tests::rejects_wrong_raw_width::case_6_sha256_other ... ok
test object::tests::displays_git_object_format_names::case_1_sha1 ... ok
test object::tests::displays_git_object_format_names::case_2_sha256 ... ok
test object::tests::encodes_and_identifies_blob_bytes::case_1_nine_bytes ... ok
test object::tests::encodes_and_identifies_blob_bytes::case_2_ten_bytes ... ok
test object::tests::encodes_and_identifies_blob_bytes::case_3_ninety_nine_bytes ... ok
test object::tests::encodes_and_identifies_blob_bytes::case_4_one_hundred_bytes ... ok
test object::tests::parses_full_sha1_identifiers::case_1_lowercase ... ok
test object::tests::encodes_and_identifies_blob_bytes::case_5_all_byte_values ... ok
test object::tests::parses_full_sha1_identifiers::case_2_uppercase ... ok
test object::tests::preserves_raw_identity_bytes ... ok
test object::tests::rejects_invalid_sha1_identifiers::case_1_abbreviated ... ok
test object::tests::rejects_invalid_sha1_identifiers::case_2_non_hexadecimal ... ok
test object::tests::rejects_invalid_sha1_identifiers::case_3_non_ascii ... ok
test pack::compression::tests::copy_vectors::case_1_one ... ok
test pack::compression::tests::copy_vectors::case_3_all_offset_bytes ... ok
test pack::compression::tests::copy_vectors::case_2_implicit_64k ... ok
test pack::compression::tests::copy_vectors::case_4_sparse_offset ... ok
test pack::compression::tests::cancellation_interrupts_search ... ok
test pack::compression::tests::copy_vectors::case_5_max_copy ... ok
test pack::compression::tests::copy_vectors::case_6_split_copy ... ok
test pack::compression::tests::insert_boundaries::case_1_empty ... ok
test pack::compression::tests::insert_boundaries::case_2_one ... ok
test pack::compression::tests::insert_boundaries::case_3_maximum ... ok
test pack::compression::tests::insert_boundaries::case_4_split ... ok
test pack::compression::tests::instructions_restore_exact_bytes::case_1_empty ... ok
test pack::compression::tests::instructions_restore_exact_bytes::case_2_tiny ... ok
test pack::compression::tests::instructions_restore_exact_bytes::case_4_dissimilar ... ok
test pack::compression::tests::size_vectors::case_1_zero ... ok
test pack::compression::tests::size_vectors::case_2_seven_bits ... ok
test pack::compression::tests::size_vectors::case_3_eight_bits ... ok
test pack::compression::tests::size_vectors::case_4_sixteen_bits ... ok
test loose::tests::tree_write_preserves_corrupt_file_and_cleans_temporary ... ok
test pack::compression::tests::work_exhaustion_discards_partial_program ... ok
test pack::tests::accepts_empty_pack_and_reports_index_miss::case_1_sha1 ... ok
test pack::tests::accepts_empty_pack_and_reports_index_miss::case_2_sha256 ... ok
test pack::compression::tests::instructions_restore_exact_bytes::case_3_repeated ... ok
test pack::tests::charges_reconstruction_against_cumulative_limit ... ok
test pack::tests::decodes_copy_offset_without_low_byte ... ok
test pack::tests::decodes_sparse_copy_operands_and_default_copy_length ... ok
test pack::tests::delta_inherits_base_kind::case_1_tree_sha1 ... ok
test pack::tests::delta_inherits_base_kind::case_2_tree_sha256 ... ok
test pack::tests::delta_inherits_base_kind::case_3_commit_sha1 ... ok
test pack::tests::delta_inherits_base_kind::case_4_commit_sha256 ... ok
test pack::tests::delta_inherits_base_kind::case_5_tag_sha1 ... ok
test pack::tests::delta_inherits_base_kind::case_6_tag_sha256 ... ok
test pack::tests::detects_ref_cycles_without_recursion::case_1_sha1 ... ok
test pack::tests::detects_ref_cycles_without_recursion::case_2_sha256 ... ok
test pack::tests::enforces_read_limits::case_1_payload_sha1 ... ok
test pack::tests::enforces_read_limits::case_2_payload_sha256 ... ok
test pack::tests::enforces_read_limits::case_3_program_sha1 ... ok
test pack::tests::enforces_read_limits::case_4_program_sha256 ... ok
test pack::tests::enforces_read_limits::case_5_depth_sha1 ... ok
test pack::compression::tests::instructions_restore_exact_bytes::case_5_binary ... ok
test pack::tests::enforces_read_limits::case_6_depth_sha256 ... ok
test pack::tests::enforces_read_limits::case_7_cumulative_sha1 ... ok
test pack::tests::enforces_reconstructed_size_before_allocation ... ok
test pack::tests::overflowing_word_offset_returns_corruption ... ok
test pack::tests::enforces_read_limits::case_8_cumulative_sha256 ... ok
test pack::tests::permits_exact_depth_and_decode_budget::case_1_sha1 ... ok
test pack::tests::permits_exact_depth_and_decode_budget::case_2_sha256 ... ok
test pack::tests::reconstructs_delta::case_1_ofs_sha1 ... ok
test pack::tests::reconstructs_delta::case_2_ofs_sha256 ... ok
test pack::tests::reconstructs_delta::case_3_reference_sha1 ... ok
test pack::tests::rejects_bad_entry_payloads::case_1_wrong_length_sha1 ... ok
test pack::tests::reconstructs_delta::case_4_reference_sha256 ... ok
test pack::tests::rejects_bad_entry_payloads::case_2_wrong_length_sha256 ... ok
test pack::tests::rejects_bad_entry_payloads::case_3_too_long_sha1 ... ok
test pack::tests::rejects_bad_entry_payloads::case_5_wrong_identity_sha1 ... ok
test pack::tests::rejects_bad_entry_payloads::case_4_too_long_sha256 ... ok
test pack::tests::rejects_bad_ofs_bases::case_1_zero_distance_sha1 ... ok
test pack::tests::rejects_bad_entry_payloads::case_6_wrong_identity_sha256 ... ok
test pack::tests::rejects_bad_ofs_bases::case_2_zero_distance_sha256 ... ok
test pack::tests::rejects_bad_ofs_bases::case_3_before_pack_sha1 ... ok
test pack::tests::rejects_bad_ofs_bases::case_4_before_pack_sha256 ... ok
test pack::tests::rejects_bad_ofs_bases::case_5_inside_entry_sha1 ... ok
test pack::tests::rejects_bad_ofs_bases::case_6_inside_entry_sha256 ... ok
test pack::tests::rejects_bad_ofs_bases::case_7_overflow_sha1 ... ok
test pack::tests::rejects_duplicate_index_ids::case_1_sha1 ... ok
test pack::tests::rejects_bad_ofs_bases::case_8_overflow_sha256 ... ok
test pack::tests::rejects_duplicate_index_ids::case_2_sha256 ... ok
test pack::tests::rejects_duplicate_pack_offsets::case_1_sha1 ... ok
test pack::tests::rejects_duplicate_pack_offsets::case_2_sha256 ... ok
test pack::tests::rejects_external_base_even_when_it_exists_in_another_pack::case_1_sha1 ... ok
test pack::tests::rejects_headerless_index_v1::case_1_sha1 ... ok
test pack::tests::rejects_headerless_index_v1::case_2_sha256 ... ok
test pack::tests::rejects_external_base_even_when_it_exists_in_another_pack::case_2_sha256 ... ok
test pack::tests::rejects_index_checksum::case_1_sha1 ... ok
test pack::tests::rejects_index_checksum::case_2_sha256 ... ok
test pack::tests::rejects_index_pack_disagreement::case_1_sha1 ... ok
test pack::tests::rejects_invalid_delta_programs::case_1_reserved ... ok
test pack::tests::rejects_invalid_delta_programs::case_2_base_length ... ok
test pack::tests::rejects_invalid_delta_programs::case_3_copy_bounds ... ok
test pack::tests::rejects_invalid_delta_programs::case_4_truncated_copy ... ok
test pack::tests::rejects_invalid_delta_programs::case_5_truncated_insert ... ok
test pack::tests::rejects_invalid_delta_programs::case_6_short_result ... ok
test pack::tests::rejects_invalid_delta_programs::case_7_long_result ... ok
test pack::tests::rejects_index_pack_disagreement::case_2_sha256 ... ok
test pack::tests::rejects_invalid_delta_programs::case_8_size_overflow ... ok
test pack::tests::rejects_invalid_index_fields::case_01_fanout_sha1 ... ok
test pack::tests::rejects_invalid_index_fields::case_02_fanout_sha256 ... ok
test pack::tests::rejects_invalid_index_fields::case_03_offset_header_sha1 ... ok
test pack::tests::rejects_invalid_index_fields::case_04_offset_header_sha256 ... ok
test pack::tests::rejects_invalid_index_fields::case_05_offset_past_pack_sha1 ... ok
test pack::tests::rejects_invalid_index_fields::case_06_offset_past_pack_sha256 ... ok
test pack::tests::rejects_invalid_index_fields::case_07_offset_gap_sha1 ... ok
test pack::tests::rejects_invalid_index_fields::case_08_offset_gap_sha256 ... ok
test pack::tests::rejects_invalid_index_fields::case_09_large_slot_sha1 ... ok
test pack::tests::rejects_invalid_index_fields::case_10_large_slot_sha256 ... ok
test pack::tests::rejects_invalid_index_fields::case_11_crc_sha1 ... ok
test pack::tests::rejects_missing_ref_base::case_1_sha1 ... ok
test pack::tests::rejects_invalid_index_fields::case_12_crc_sha256 ... ok
test pack::tests::rejects_missing_ref_base::case_2_sha256 ... ok
test pack::tests::rejects_pack_checksum::case_1_sha1 ... ok
test pack::tests::rejects_pack_count_mismatch::case_1_sha1 ... ok
test pack::tests::rejects_pack_checksum::case_2_sha256 ... ok
test pack::tests::rejects_reserved_kinds::case_1_invalid_sha1 ... ok
test pack::tests::rejects_pack_count_mismatch::case_2_sha256 ... ok
test pack::tests::rejects_reserved_kinds::case_2_invalid_sha256 ... ok
test pack::tests::rejects_reserved_kinds::case_3_reserved_sha1 ... ok
test pack::tests::rejects_truncated_entry_metadata::case_1_truncated_size_sha1 ... ok
test pack::tests::rejects_reserved_kinds::case_4_reserved_sha256 ... ok
test pack::tests::rejects_truncated_entry_metadata::case_2_truncated_size_sha256 ... ok
test pack::tests::rejects_truncated_entry_metadata::case_3_overflowing_size_sha1 ... ok
test pack::tests::rejects_truncated_entry_metadata::case_4_overflowing_size_sha256 ... ok
test pack::tests::rejects_truncated_entry_metadata::case_5_truncated_reference_sha1 ... ok
test pack::tests::rejects_truncated_entry_metadata::case_7_truncated_offset_sha1 ... ok
test pack::tests::rejects_truncated_entry_metadata::case_6_truncated_reference_sha256 ... ok
test pack::tests::rejects_truncated_indexes::case_01_short_header_sha1 ... ok
test pack::tests::rejects_truncated_entry_metadata::case_8_truncated_offset_sha256 ... ok
test pack::tests::rejects_truncated_indexes::case_02_short_header_sha256 ... ok
test pack::tests::rejects_truncated_indexes::case_03_short_version_sha1 ... ok
test pack::tests::rejects_truncated_indexes::case_05_short_fanout_sha1 ... ok
test pack::tests::rejects_truncated_indexes::case_04_short_version_sha256 ... ok
test pack::tests::rejects_truncated_indexes::case_06_short_fanout_sha256 ... ok
test pack::tests::rejects_truncated_indexes::case_07_short_ids_sha1 ... ok
test pack::tests::rejects_truncated_indexes::case_08_short_ids_sha256 ... ok
test pack::tests::rejects_truncated_indexes::case_09_short_trailer_sha1 ... ok
test pack::tests::rejects_truncated_indexes::case_10_short_trailer_sha256 ... ok
test pack::tests::rejects_truncated_packs::case_1_zero_sha1 ... ok
test pack::tests::rejects_truncated_packs::case_2_zero_sha256 ... ok
test pack::tests::rejects_truncated_packs::case_3_header_sha1 ... ok
test pack::tests::rejects_truncated_packs::case_4_header_sha256 ... ok
test pack::tests::rejects_truncated_packs::case_5_trailer_sha1 ... ok
test pack::tests::rejects_truncated_packs::case_6_trailer_sha256 ... ok
test pack::tests::rejects_truncated_packs::case_7_entry_sha1 ... ok
test pack::tests::rejects_truncated_packs::case_8_entry_sha256 ... ok
test pack::tests::rejects_unsorted_index_ids::case_1_sha1 ... ok
test pack::tests::rejects_unsupported_index_versions::case_1_legacy_sha1 ... ok
test pack::tests::rejects_unsorted_index_ids::case_2_sha256 ... ok
test pack::tests::rejects_unsupported_index_versions::case_2_legacy_sha256 ... ok
test pack::tests::rejects_unsupported_index_versions::case_3_future_sha1 ... ok
test pack::tests::rejects_unsupported_index_versions::case_4_future_sha256 ... ok
test pack::tests::rejects_unsupported_pack_versions::case_1_legacy_sha1 ... ok
test pack::tests::rejects_unsupported_pack_versions::case_2_legacy_sha256 ... ok
test pack::tests::rejects_unsupported_pack_versions::case_3_recognized_but_unsupported_sha1 ... ok
test pack::tests::rejects_wrong_format_even_for_empty_pack::case_1_sha1 ... ok
test pack::tests::rejects_unsupported_pack_versions::case_4_recognized_but_unsupported_sha256 ... ok
test pack::tests::rejects_wrong_format_even_for_empty_pack::case_2_sha256 ... ok
test pack::tests::resolves_forward_reference_and_nested_deltas::case_1_sha1 ... ok
test pack::tests::resolves_forward_reference_and_nested_deltas::case_2_sha256 ... ok
test pack::tests::returns_exact_kind_and_payload::case_1_blob_sha1 ... ok
test pack::tests::returns_exact_kind_and_payload::case_2_blob_sha256 ... ok
test pack::tests::returns_exact_kind_and_payload::case_3_tree_sha1 ... ok
test pack::tests::returns_exact_kind_and_payload::case_4_tree_sha256 ... ok
test pack::tests::returns_exact_kind_and_payload::case_5_commit_sha1 ... ok
test pack::tests::returns_exact_kind_and_payload::case_7_tag_sha1 ... ok
test pack::tests::returns_exact_kind_and_payload::case_6_commit_sha256 ... ok
test pack::tests::returns_exact_kind_and_payload::case_8_tag_sha256 ... ok
test pack::tests::supports_index_large_offset_table::case_1_sha1 ... ok
test pack::tests::supports_index_large_offset_table::case_2_sha256 ... ok
test pack::tests::validates_intermediate_identity::case_1_sha1 ... ok
test pack::tests::validates_zlib_even_with_valid_pack_checksums::case_1_truncated_sha1 ... ok
test pack::tests::validates_intermediate_identity::case_2_sha256 ... ok
test pack::tests::validates_zlib_even_with_valid_pack_checksums::case_2_truncated_sha256 ... ok
test pack::tests::validates_zlib_even_with_valid_pack_checksums::case_3_trailing_sha1 ... ok
test pack::tests::validates_zlib_even_with_valid_pack_checksums::case_4_trailing_sha256 ... ok
test pack::tests::validates_zlib_even_with_valid_pack_checksums::case_5_checksum_sha1 ... ok
test pack::tests::validates_zlib_even_with_valid_pack_checksums::case_6_checksum_sha256 ... ok
test pack::tests::verifies_delta_result_identity_after_valid_base::case_1_sha1 ... ok
test pack::write::cancellation_tests::prevalidation_cancellation_leaves_both_outputs_untouched ... ok
test pack::tests::verifies_delta_result_identity_after_valid_base::case_2_sha256 ... ok
test pack::tests::bounds_long_chains_without_recursive_calls::case_1_sha1 ... ok
test pack::tests::bounds_long_chains_without_recursive_calls::case_2_sha256 ... ok
test pack::write::compression_tests::bounded_deterministic_internal_dependencies::case_1_one ... ok
test pack::write::compression_tests::bounded_deterministic_internal_dependencies::case_2_two ... ok
test pack::write::compression_tests::different_kinds_are_never_candidates ... ok
test pack::write::compression_tests::invalid_identity_precedes_delta_output ... ok
test pack::write::compression_tests::delta_output_bound_includes_base_id_and_trailer ... ok
test pack::write::compression_tests::bounded_deterministic_internal_dependencies::case_3_default ... ok
test pack::write::compression_tests::matching_is_byte_oriented_for_every_kind::case_1_blob ... ok
test pack::write::compression_tests::matching_is_byte_oriented_for_every_kind::case_2_tree ... ok
test pack::write::compression_tests::exhausted_later_candidate_retains_completed_delta ... ok
test pack::write::compression_tests::matching_is_byte_oriented_for_every_kind::case_3_commit ... ok
test pack::write::compression_tests::matching_is_byte_oriented_for_every_kind::case_4_tag ... ok
test pack::write::compression_tests::objects_above_search_size_remain_streaming ... ok
test pack::write::compression_tests::ordinary_fallback_is_byte_identical::case_1_window ... ok
test pack::write::compression_tests::ordinary_fallback_is_byte_identical::case_2_candidates ... ok
test pack::write::compression_tests::ordinary_fallback_is_byte_identical::case_3_depth ... ok
test pack::write::compression_tests::ordinary_fallback_is_byte_identical::case_4_size ... ok
test pack::write::compression_tests::short_objects_cannot_recover_ref_delta_overhead ... ok
test pack::write::dual_format_tests::cancellation_during_validation_has_no_output::case_1_sha1 ... ok
test pack::write::dual_format_tests::cancellation_during_validation_has_no_output::case_2_sha256 ... ok
test pack::write::dual_format_tests::empty_artifact_bounds_include_both_trailers::case_1_sha1 ... ok
test pack::write::dual_format_tests::empty_artifact_bounds_include_both_trailers::case_2_sha256 ... ok
test pack::write::dual_format_tests::failed_pack_flush_leaves_index_untouched::case_1_sha1 ... ok
test pack::write::dual_format_tests::failed_pack_flush_leaves_index_untouched::case_2_sha256 ... ok
test pack::write::dual_format_tests::rejects_mixed_inputs_before_either_sink::case_1_sha1 ... ok
test pack::write::dual_format_tests::rejects_mixed_inputs_before_either_sink::case_2_sha256 ... ok
test pack::write::format_boundary_tests::rejects_sha256_before_writing_pack_or_index ... ok
test pack::write::tests::conflicting_duplicates_leave_outputs_untouched ... ok
test pack::write::tests::empty_set_accepts_zero_input_budgets ... ok
test pack::write::tests::exact_limits_succeed ... ok
test pack::write::tests::input_bounds_precede_output::case_1_count ... ok
test pack::write::tests::input_bounds_precede_output::case_2_individual ... ok
test pack::write::tests::input_bounds_precede_output::case_3_total_duplicates ... ok
test pack::write::tests::invalid_identity_leaves_outputs_untouched::case_1_wrong_id ... ok
test pack::write::tests::invalid_identity_leaves_outputs_untouched::case_2_wrong_kind ... ok
test pack::write::tests::order_and_exact_duplicates_do_not_change_artifacts ... ok
test pack::write::tests::original_size_header_vectors::case_1_empty ... ok
test pack::write::tests::original_size_header_vectors::case_2_fifteen ... ok
test pack::write::tests::original_size_header_vectors::case_3_sixteen ... ok
test pack::write::tests::original_size_header_vectors::case_4_two_kib ... ok
test pack::write::tests::original_size_header_vectors::case_5_maximum ... ok
test pack::write::tests::output_bounds_never_overrun::case_1_pack_header ... ok
test pack::write::tests::output_bounds_never_overrun::case_2_compressed_entry ... ok
test pack::write::tests::output_bounds_never_overrun::case_3_index_header ... ok
test pack::write::tests::output_bounds_never_overrun::case_4_index_trailer ... ok
test pack::write::tests::output_counter_overflow_fails_before_sink ... ok
test pack::write::tests::payload_syntax_is_preserved_without_parsing::case_1_tree ... ok
test pack::write::tests::payload_syntax_is_preserved_without_parsing::case_2_commit ... ok
test pack::write::tests::payload_syntax_is_preserved_without_parsing::case_3_tag ... ok
test pack::write::tests::short_writes_preserve_checksums ... ok
test pack::write::tests::sink_failures_are_reported::case_1_pack_write ... ok
test pack::write::tests::sink_failures_are_reported::case_2_pack_flush ... ok
test pack::write::tests::sink_failures_are_reported::case_3_index_write ... ok
test pack::write::tests::sink_failures_are_reported::case_4_index_flush ... ok
test pack::write::tests::synthetic_large_offsets_use_ordered_64_bit_table ... ok
test pack::write::tests::zero_progress_sink_returns_write_zero ... ok
test peel::tests::byte_budget_is_checked_even_for_a_misbehaving_reader ... ok
test peel::tests::cancellation_after_read_prevents_target_following ... ok
test peel::tests::cycle_retains_failing_link::format_1_ObjectFormat__Sha1 ... ok
test peel::tests::cycle_retains_failing_link::format_2_ObjectFormat__Sha256 ... ok
test push::local::tests::cancellation_preserves_acknowledged_prefix ... ok
test pack::write::compression_tests::ordinary_fallback_is_byte_identical::case_5_work ... ok
test pack::write::compression_tests::ordinary_fallback_is_byte_identical::case_6_exhausted ... ok
test pack::write::compression_tests::ordinary_fallback_is_byte_identical::case_7_savings ... ok
test push::local::tests::deadline_preserves_acknowledgements::case_1_prefix ... ok
test push::local::tests::deadline_preserves_acknowledgements::case_2_complete_before_eof ... ok
test push::local::tests::deadline_preserves_acknowledgements::case_3_complete_before_exit ... ok
test push::local::tests::protocol_rejection_is_not_replaced_by_cleanup_deadline ... ok
test push::local::tests::early_status_limit_preserves_retained_acknowledgement ... ok
test push::tests::advertised_have_can_prove_exclusion_without_matching_a_command ... ok
test push::tests::ancestry_budget_charges_duplicate_parent_edges ... ok
test push::tests::bounds_advertised_refs_and_accepts_unselected_have_entries ... ok
test push::tests::bounds_advertisement_and_status_before_allocating_packets ... ok
test push::tests::bounds_command_count_and_encoded_bytes_exactly ... ok
test push::tests::bounds_edges_and_ancestry_proof ... ok
test push::tests::bounds_generated_pack_and_index ... ok
test push::tests::bounds_receiver_root_occurrences ... ok
test push::tests::bounds_selected_objects_and_bytes::case_1_count ... ok
test push::tests::bounds_selected_objects_and_bytes::case_2_payload ... ok
test push::tests::bounds_selected_objects_and_bytes::case_3_object ... ok
test push::tests::bounds_selected_objects_and_bytes::case_4_exact ... ok
test push::tests::branch_requires_commit_even_with_force ... ok
test push::tests::cancellation_before_and_during_transmission_has_distinct_outcomes ... ok
test push::tests::empty_push_only_flushes ... ok
test push::tests::exact_wire_budgets_allow_complete_report ... ok
test push::tests::excludes_nested_tags_and_skips_external_gitlinks ... ok
test push::tests::exclusion_requires_selected_graph_to_be_complete ... ok
test push::tests::incomplete_multi_ref_report_keeps_unknown_distinct_from_rejected ... ok
test push::tests::interrupted_io_is_not_retried_and_is_classified_by_phase ... ok
test push::tests::interrupted_read_during_report_is_uncertain ... ok
test push::tests::invalid_advertisement_never_sends_commands::case_1_version ... ok
test push::tests::invalid_advertisement_never_sends_commands::case_2_header ... ok
test push::tests::invalid_advertisement_never_sends_commands::case_3_length ... ok
test push::tests::invalid_advertisement_never_sends_commands::case_4_truncated ... ok
test push::tests::invalid_advertisement_never_sends_commands::case_5_missing ... ok
test push::tests::later_output_failures_are_uncertain::case_1_pack ... ok
test push::tests::later_output_failures_are_uncertain::case_2_flush ... ok
test push::tests::malformed_reachable_payload_is_rejected::case_1_tree ... ok
test push::tests::malformed_reachable_payload_is_rejected::case_2_commit ... ok
test push::tests::malformed_reachable_payload_is_rejected::case_3_tag ... ok
test push::tests::malformed_status_is_uncertain::case_1_missing_unpack ... ok
test push::tests::malformed_status_is_uncertain::case_2_missing_ref ... ok
test push::tests::malformed_status_is_uncertain::case_3_wrong_ref ... ok
test push::tests::malformed_status_is_uncertain::case_4_duplicate ... ok
test push::tests::malformed_status_is_uncertain::case_5_v2_option ... ok
test push::tests::malformed_status_is_uncertain::case_6_contradiction ... ok
test push::tests::malformed_status_is_uncertain::case_7_empty_unpack ... ok
test push::tests::malformed_status_is_uncertain::case_8_empty_reason ... ok
test push::tests::malformed_status_is_uncertain::case_9_remote_err ... ok
test push::tests::missing_parent_is_not_assumed_to_exist_remotely ... ok
test push::tests::preparation_cancellation_changes_no_storage ... ok
test push::tests::preserves_unpack_failure_and_binary_reason ... ok
test push::tests::proves_ancestry_along_second_merge_parent ... ok
test push::tests::ref_delta_push_needs_only_report_status ... ok
test push::tests::refuses_unsupported_capabilities_before_writing::case_1_no_status ... ok
test push::tests::refuses_unsupported_capabilities_before_writing::case_2_v2_only ... ok
test push::tests::refuses_unsupported_capabilities_before_writing::case_3_sha256 ... ok
test push::tests::refuses_wrong_format_before_graph_reads::case_1_new_id ... ok
test push::tests::refuses_wrong_format_before_graph_reads::case_2_old_id ... ok
test push::tests::rejects_duplicate_destinations_and_zero_ids ... ok
test push::tests::rejects_missing_or_mistyped_edges::case_1_commit_tree ... ok
test push::tests::rejects_missing_or_mistyped_edges::case_2_tree_child ... ok
test push::tests::rejects_missing_or_mistyped_edges::case_3_tag_target ... ok
test push::tests::rejects_trailing_bytes_after_complete_report ... ok
test push::tests::rejects_unsupported_namespaces::case_1_head ... ok
test push::tests::rejects_unsupported_namespaces::case_2_other ... ok
test push::tests::replacement_requires_explicit_force::case_1_branch ... ok
test push::tests::replacement_requires_explicit_force::case_2_tag ... ok
test push::tests::returns_partial_results_in_command_order_even_if_server_reorders ... ok
test push::tests::selects_complete_graph_and_skips_external_gitlinks ... ok
test push::tests::sends_only_report_status_then_raw_pack_and_retains_rejections ... ok
test push::tests::short_writes_preserve_full_request_and_pack ... ok
test push::tests::stale_expectation_never_sends_commands ... ok
test push::tests::truncated_status_preserves_valid_prefix ... ok
test push::tests::typed_edge_to_previously_selected_root_is_validated ... ok
test refs::enumerate::tests::broken_loose_does_not_fall_back_but_unselected_loose_is_not_read ... ok
test refs::enumerate::tests::filtered_list_still_validates_all_packed_data ... ok
test refs::enumerate::tests::filters_at_namespace_boundaries::case_1_branch_namespace ... ok
test refs::enumerate::tests::filters_at_namespace_boundaries::case_2_exact ... ok
test refs::enumerate::tests::filters_at_namespace_boundaries::case_3_not_a_string_prefix ... ok
test refs::enumerate::tests::filters_at_namespace_boundaries::case_4_missing ... ok
test refs::enumerate::tests::head_requires_single_name_read ... ok
test refs::enumerate::tests::lists_shadowing_symbols_and_packed_tags_in_byte_order ... ok
test refs::enumerate::tests::preserves_packed_non_utf8_names ... ok
test refs::enumerate::tests::private_namespace_symlink_is_rejected_in_its_own_worktree ... ok
test refs::enumerate::tests::rejects_invalid_loose_name ... ok
test refs::enumerate::tests::rejects_nonadjacent_namespace_conflicts ... ok
test refs::enumerate::tests::rejects_symlink_directory_without_traversing_it ... ok
test refs::enumerate::tests::skips_locks_dot_entries_and_empty_directories ... ok
test refs::name::tests::accepts_names::case_1_head ... ok
test refs::name::tests::accepts_names::case_2_branch ... ok
test refs::name::tests::accepts_names::case_3_bytes ... ok
test refs::name::tests::accepts_names::case_4_at ... ok
test refs::name::tests::accepts_names::case_5_dot_component_end ... ok
test refs::name::tests::rejects_names::case_01_empty ... ok
test refs::name::tests::rejects_names::case_02_short ... ok
test refs::name::tests::rejects_names::case_03_pseudo ... ok
test refs::name::tests::rejects_names::case_04_alias ... ok
test refs::name::tests::rejects_names::case_05_double_slash ... ok
test refs::name::tests::rejects_names::case_06_trailing_slash ... ok
test refs::name::tests::rejects_names::case_07_dot ... ok
test refs::name::tests::rejects_names::case_08_dot_dot ... ok
test refs::name::tests::rejects_names::case_09_trailing_dot ... ok
test refs::name::tests::rejects_names::case_10_lock ... ok
test refs::name::tests::rejects_names::case_11_reflog ... ok
test refs::name::tests::rejects_names::case_12_control ... ok
test refs::name::tests::rejects_names::case_13_del ... ok
test refs::name::tests::rejects_names::case_14_space ... ok
test refs::name::tests::rejects_names::case_15_tilde ... ok
test refs::name::tests::rejects_names::case_16_caret ... ok
test refs::name::tests::rejects_names::case_17_colon ... ok
test refs::name::tests::rejects_names::case_18_question ... ok
test refs::name::tests::rejects_names::case_19_glob ... ok
test refs::name::tests::rejects_names::case_20_bracket ... ok
test refs::name::tests::rejects_names::case_21_backslash ... ok
test refs::packed::tests::deletion_preserves_unsorted_headerless_representation::case_1_first ... ok
test refs::packed::tests::deletion_preserves_unsorted_headerless_representation::case_2_last ... ok
test refs::packed::tests::reads_unsorted_records_and_discards_valid_peeled_metadata ... ok
test refs::packed::tests::rejects_invalid_sorted_records::case_1_duplicate ... ok
test refs::packed::tests::rejects_invalid_sorted_records::case_2_out_of_order ... ok
test refs::packed::tests::rejects_malformed::case_1_truncated ... ok
test refs::packed::tests::rejects_malformed::case_2_missing_newline ... ok
test refs::packed::tests::rejects_malformed::case_3_orphan ... ok
test refs::packed::tests::rejects_malformed::case_4_blank ... ok
test refs::packed::tests::rejects_malformed::case_5_comment ... ok
test refs::packed::tests::rejects_malformed::case_6_invalid_name ... ok
test refs::packed::tests::rejects_malformed::case_7_zero ... ok
test refs::packed::tests::removing_final_record_leaves_valid_empty_packed_file ... ok
test refs::reflog::format_tests::null_records_use_the_selected_format::case_1_sha1 ... ok
test refs::reflog::format_tests::null_records_use_the_selected_format::case_2_sha256 ... ok
test refs::reflog::tests::parses_byte_identity_and_message_without_utf8 ... ok
test refs::reflog::tests::rejects_bad_ids ... ok
test refs::reflog::tests::rejects_malformed_records::case_01_truncated ... ok
test refs::reflog::tests::rejects_malformed_records::case_02_invalid_zone ... ok
test refs::reflog::tests::rejects_malformed_records::case_03_padded_name ... ok
test refs::reflog::tests::rejects_malformed_records::case_04_cr_name ... ok
test refs::reflog::tests::rejects_malformed_records::case_05_no_space ... ok
test refs::reflog::tests::rejects_malformed_records::case_06_negative_time ... ok
test refs::reflog::tests::rejects_malformed_records::case_07_empty_name ... ok
test refs::reflog::tests::rejects_malformed_records::case_08_nul ... ok
test refs::reflog::tests::rejects_malformed_records::case_09_cr ... ok
test refs::reflog::tests::rejects_malformed_records::case_10_missing_separator ... ok
test refs::store::chain_tests::deletion_depth_failure_preserves_chain ... ok
test refs::store::chain_tests::depth_failure_releases_chain_locks ... ok
test refs::store::chain_tests::locked_terminal_preserves_symbolic_chain ... ok
test refs::store::delete_tests::deletes_both_copies_and_preserves_unrelated_metadata ... ok
test refs::store::delete_tests::deleting_resolved_branch_preserves_symbolic_head_and_reflogs ... ok
test refs::store::delete_tests::deleting_symbolic_name_preserves_terminal ... ok
test refs::store::delete_tests::failed_packed_publication_preserves_loose_and_cleans_temporary_file ... ok
test refs::store::delete_tests::failed_unlink_after_packed_publication_reports_partial_completion ... ok
test refs::store::delete_tests::lock_contention_preserves_both_values_and_existing_lock::case_1_packed ... ok
test refs::store::delete_tests::lock_contention_preserves_both_values_and_existing_lock::case_2_loose ... ok
test refs::store::delete_tests::loose_only_deletion_does_not_create_packed_storage ... ok
test refs::store::delete_tests::malformed_data_is_unchanged::case_1_loose ... ok
test refs::store::delete_tests::malformed_data_is_unchanged::case_2_packed ... ok
test refs::store::delete_tests::mismatch_preserves_both_files::case_1_old_packed_value ... ok
test refs::store::delete_tests::mismatch_preserves_both_files::case_2_requires_absence ... ok
test refs::store::delete_tests::mismatch_preserves_both_files::case_3_wrong_kind ... ok
test refs::store::delete_tests::missing_delete_is_idempotent::case_1_any ... ok
test refs::store::delete_tests::missing_delete_is_idempotent::case_2_absent ... ok
test refs::store::delete_tests::missing_value_expectation_fails_without_creating_a_ref ... ok
test refs::store::delete_tests::packed_only_deletion_removes_its_peel_line ... ok
test refs::store::delete_tests::packed_publication_retains_lock_and_current_loose_value ... ok
test refs::store::delete_tests::resolved_cycle_does_not_mutate_refs ... ok
test refs::store::delete_tests::resolved_locked_terminal_preserves_head_and_packed_file ... ok
test refs::store::delete_tests::resolved_mismatch_preserves_every_name ... ok
test refs::store::delete_tests::symbolic_loose_shadow_is_removed_with_its_packed_copy ... ok
test refs::store::tests::cycle_failure_cleans_all_owned_locks ... ok
test refs::store::tests::failed_rename_preserves_unrelated_data ... ok
test refs::store::tests::mismatch_preserves_bytes_and_cleans_locks ... ok
test refs::store::tests::never_steals_existing_lock::case_1_reference ... ok
test refs::store::tests::never_steals_existing_lock::case_2_packed ... ok
test refs::store::tests::parses_loose_ids::case_1_no_newline ... ok
test refs::store::tests::parses_loose_ids::case_2_trailing_space ... ok
test refs::store::tests::rejects_loose_data::case_1_empty ... ok
test refs::store::tests::rejects_loose_data::case_2_garbage ... ok
test refs::store::tests::rejects_loose_data::case_3_zero ... ok
test refs::store::tests::rejects_loose_data::case_4_sha256 ... ok
test refs::store::tests::rejects_loose_data::case_5_bad_symbol ... ok
test refs::store::tests::rejects_loose_data::case_6_extra_line ... ok
test refs::store::tests::rejects_symlinks_without_touching_target::case_1_directory ... ok
test refs::store::tests::rejects_symlinks_without_touching_target::case_2_file ... ok
test refs::store::tests::unborn_resolution_identifies_missing_terminal ... ok
test refs::store::tests::write_failure_preserves_destination_and_releases_lock ... ok
test refs::store::tests::zero_id_has_no_side_effects ... ok
test refs::transaction::tests::contention_preserves_foreign_lock::case_1_packed_sha1 ... ok
test refs::transaction::tests::contention_preserves_foreign_lock::case_2_packed_sha256 ... ok
test refs::transaction::tests::contention_preserves_foreign_lock::case_3_ref_lock_sha1 ... ok
test refs::transaction::tests::contention_preserves_foreign_lock::case_4_ref_lock_sha256 ... ok
test refs::transaction::tests::contention_preserves_foreign_lock::case_5_log_lock_sha1 ... ok
test refs::transaction::tests::contention_preserves_foreign_lock::case_6_log_lock_sha256 ... ok
test refs::transaction::tests::deletion_keeps_history_and_records_zero::case_1_sha1 ... ok
test refs::transaction::tests::deletion_keeps_history_and_records_zero::case_2_sha256 ... ok
test push::local::tests::deadline_during_blocked_pack_write_is_uncertain ... ok
test refs::transaction::tests::detachment_checks_stored_symbolic_value_not_resolved_identity::case_1_sha1 ... ok
test refs::transaction::tests::detachment_dependency_or_log_lock_preserves_head::case_1_old_branch_sha1 ... ok
test refs::transaction::tests::detachment_checks_stored_symbolic_value_not_resolved_identity::case_2_sha256 ... ok
test refs::transaction::tests::detachment_dependency_or_log_lock_preserves_head::case_2_old_branch_sha256 ... ok
test refs::transaction::tests::detachment_dependency_or_log_lock_preserves_head::case_3_head_log_sha1 ... ok
test refs::transaction::tests::detachment_dependency_or_log_lock_preserves_head::case_4_head_log_sha256 ... ok
test refs::transaction::tests::detachment_does_not_read_or_append_old_branch_log::case_1_sha1 ... ok
test refs::transaction::tests::detachment_locks_unborn_dependency_against_concurrent_creation::case_1_sha1 ... ok
test refs::transaction::tests::detachment_does_not_read_or_append_old_branch_log::case_2_sha256 ... ok
test refs::transaction::tests::detachment_rejects_batch_edit_of_old_identity_dependency::case_1_sha1 ... ok
test refs::transaction::tests::detachment_locks_unborn_dependency_against_concurrent_creation::case_2_sha256 ... ok
test refs::transaction::tests::detachment_rejects_old_chain_cycle_before_publication::case_1_sha1 ... ok
test refs::transaction::tests::detachment_rejects_batch_edit_of_old_identity_dependency::case_2_sha256 ... ok
test refs::transaction::tests::detachment_rejects_old_chain_cycle_before_publication::case_2_sha256 ... ok
test refs::transaction::tests::detachment_resolves_multiple_hops_to_packed_old_tip::case_1_sha1 ... ok
test refs::transaction::tests::detachment_resolves_multiple_hops_to_packed_old_tip::case_2_sha256 ... ok
test refs::transaction::tests::failed_detachment_log_reports_published_head_without_changing_old_branch::case_1_sha1 ... ok
test refs::transaction::tests::failed_detachment_log_reports_published_head_without_changing_old_branch::case_2_sha256 ... ok
test refs::transaction::tests::failing_second_chain_log_preserves_first_log_outcome::case_1_sha1 ... ok
test refs::transaction::tests::failing_second_chain_log_preserves_first_log_outcome::case_2_sha256 ... ok
test refs::transaction::tests::final_mismatch_preserves_all_refs_and_logs::case_1_sha1 ... ok
test refs::transaction::tests::invalid_message_fails_before_logs_or_refs_are_created::case_1_sha1 ... ok
test refs::transaction::tests::final_mismatch_preserves_all_refs_and_logs::case_2_sha256 ... ok
test refs::transaction::tests::invalid_message_fails_before_logs_or_refs_are_created::case_2_sha256 ... ok
test refs::transaction::tests::locks_remain_owned_after_ref_publication_until_logs_finish::case_1_sha1 ... ok
test refs::transaction::tests::locks_remain_owned_after_ref_publication_until_logs_finish::case_2_sha256 ... ok
test refs::transaction::tests::log_failure_leaves_published_ref_and_stops_batch::case_1_sha1 ... ok
test refs::transaction::tests::log_failure_leaves_published_ref_and_stops_batch::case_2_sha256 ... ok
test refs::transaction::tests::malformed_log_prevents_reference_publication::case_1_sha1 ... ok
test refs::transaction::tests::malformed_log_prevents_reference_publication::case_2_sha256 ... ok
test refs::transaction::tests::malformed_logs_are_untouched_by_preserve_policy::case_1_sha1 ... ok
test refs::transaction::tests::malformed_logs_are_untouched_by_preserve_policy::case_2_sha256 ... ok
test refs::transaction::tests::overlapping_symbolic_destination_is_rejected::case_1_sha1 ... ok
test refs::transaction::tests::overlapping_symbolic_destination_is_rejected::case_2_sha256 ... ok
test refs::transaction::tests::packed_failure_preserves_loose_and_packed_outcomes::case_1_sha1 ... ok
test refs::transaction::tests::packed_failure_preserves_loose_and_packed_outcomes::case_2_sha256 ... ok
test refs::transaction::tests::packed_first_failure_reports_all_removals_and_retains_loose::case_1_sha1 ... ok
test refs::transaction::tests::packed_first_failure_reports_all_removals_and_retains_loose::case_2_sha256 ... ok
test refs::transaction::tests::packed_namespace_conflict_rejects_whole_batch::case_1_sha1 ... ok
test refs::transaction::tests::packed_namespace_conflict_rejects_whole_batch::case_2_sha256 ... ok
test refs::transaction::tests::rejects_conflicting_batch::case_1_duplicate_sha1 ... ok
test refs::transaction::tests::rejects_conflicting_batch::case_3_ancestor_sha1 ... ok
test refs::transaction::tests::rejects_conflicting_batch::case_2_duplicate_sha256 ... ok
test refs::transaction::tests::rejects_conflicting_batch::case_4_ancestor_sha256 ... ok
test refs::transaction::tests::rejects_conflicting_batch::case_5_descendant_sha1 ... ok
test refs::transaction::tests::rejects_wrong_format_before_locking::case_1_sha1_target ... ok
test refs::transaction::tests::rejects_conflicting_batch::case_6_descendant_sha256 ... ok
test refs::transaction::tests::rejects_wrong_format_before_locking::case_2_sha256_target ... ok
test refs::transaction::tests::rejects_wrong_format_before_locking::case_3_sha1_expectation ... ok
test refs::transaction::tests::rejects_wrong_format_before_locking::case_4_sha256_expectation ... ok
test refs::transaction::tests::resolved_cycle_is_rejected_without_publication::case_1_sha1 ... ok
test refs::transaction::tests::resolved_cycle_is_rejected_without_publication::case_2_sha256 ... ok
test refs::transaction::tests::resolved_head_and_second_ref_log_exact_ids::case_1_sha1 ... ok
test refs::transaction::tests::resolved_head_and_second_ref_log_exact_ids::case_2_sha256 ... ok
test refs::transaction::tests::second_ref_failure_retains_first_ref_and_log::case_1_sha1 ... ok
test refs::transaction::tests::short_append_retains_byte_count ... ok
test refs::transaction::tests::second_ref_failure_retains_first_ref_and_log::case_2_sha256 ... ok
test refs::transaction::tests::stored_detachment_logs_resolved_old_identity_only_on_head::case_1_unborn_sha1 ... ok
test refs::transaction::tests::stored_detachment_logs_resolved_old_identity_only_on_head::case_2_unborn_sha256 ... ok
test refs::transaction::tests::stored_detachment_logs_resolved_old_identity_only_on_head::case_3_born_sha1 ... ok
test refs::transaction::tests::stored_detachment_logs_resolved_old_identity_only_on_head::case_4_born_sha256 ... ok
test refs::transaction::tests::stored_symbolic_edit_requires_preserve::case_1_sha1 ... ok
test remote::config::tests::diagnoses_bad_refspec_occurrences::case_1_empty ... ok
test remote::config::tests::diagnoses_bad_refspec_occurrences::case_2_second ... ok
test remote::config::tests::diagnoses_bad_refspec_occurrences::case_3_other_direction ... ok
test remote::config::tests::rejects_implicit_values::case_1_url ... ok
test remote::config::tests::rejects_implicit_values::case_2_pushurl ... ok
test remote::config::tests::rejects_implicit_values::case_3_fetch ... ok
test remote::config::tests::rejects_implicit_values::case_4_push ... ok
test remote::config::tests::remote_names_and_repeated_sections_are_exact ... ok
test remote::config::tests::url_order_and_fallback::case_01_first_and_all ... ok
test remote::config::tests::url_order_and_fallback::case_02_push_override ... ok
test remote::config::tests::url_order_and_fallback::case_03_url_reset ... ok
test remote::config::tests::url_order_and_fallback::case_04_push_reset_fallback ... ok
test remote::config::tests::url_order_and_fallback::case_05_reset_then_append ... ok
test remote::config::tests::url_order_and_fallback::case_06_all_reset ... ok
test remote::config::tests::url_order_and_fallback::case_07_push_only ... ok
test remote::config::tests::url_order_and_fallback::case_08_duplicate ... ok
test remote::config::tests::url_order_and_fallback::case_09_bytes ... ok
test remote::config::tests::url_order_and_fallback::case_10_missing_urls ... ok
test remote::edit::tests::failed_rename_is_transactional::case_1_inherited_only ... ok
test remote::edit::tests::failed_rename_is_transactional::case_2_destination ... ok
test remote::edit::tests::failed_rename_is_transactional::case_3_ambiguous ... ok
test remote::edit::tests::failed_rename_is_transactional::case_4_invalid_name ... ok
test remote::edit::tests::invalid_second_mapping_does_not_add_partial_remote ... ok
test remote::edit::tests::removal_preserves_unrelated_branch_settings_and_comments ... ok
test remote::edit::tests::repeated_list_occurrences_and_push_fallback ... ok
test remote::refspec::tests::absent_patterns_produce_empty_plan::case_1_wildcard ... ok
test remote::refspec::tests::absent_patterns_produce_empty_plan::case_2_negative_only ... ok
test remote::refspec::tests::absent_patterns_produce_empty_plan::case_3_empty ... ok
test remote::refspec::tests::advertisement_uses_named_tips_not_peeling_or_symbolic_target_names ... ok
test remote::refspec::tests::deletion_and_source_only_forms ... ok
test remote::refspec::tests::exact_duplicates_collapse_and_spec_order_precedes_source_order ... ok
test remote::refspec::tests::exclusions_are_global::case_1_before ... ok
test remote::refspec::tests::exclusions_are_global::case_2_after ... ok
test refs::transaction::tests::stored_symbolic_edit_requires_preserve::case_2_sha256 ... ok
test remote::refspec::tests::missing_explicit_sources_fail::case_1_explicit ... ok
test remote::refspec::tests::missing_explicit_sources_fail::case_2_excluded_missing ... ok
test remote::refspec::tests::parses_supported::case_01_fetch_exact ... ok
test remote::refspec::tests::parses_supported::case_02_force ... ok
test remote::refspec::tests::parses_supported::case_03_fetch_only ... ok
test remote::refspec::tests::parses_supported::case_04_empty_fetch_destination ... ok
test remote::refspec::tests::parses_supported::case_05_negative ... ok
test remote::refspec::tests::parses_supported::case_06_negative_head ... ok
test remote::refspec::tests::parses_supported::case_07_partial_glob ... ok
test remote::refspec::tests::parses_supported::case_08_push_same ... ok
test remote::refspec::tests::parses_supported::case_09_push_glob ... ok
test remote::refspec::tests::parses_supported::case_10_push_head ... ok
test remote::refspec::tests::parses_supported::case_11_delete ... ok
test remote::refspec::tests::parses_supported::case_12_force_delete ... ok
test remote::refspec::tests::parses_supported::case_13_bytes ... ok
test remote::refspec::tests::rejects_ambiguous_inputs_and_zero_ids_even_if_unselected ... ok
test remote::refspec::tests::rejects_destination_collisions::case_1_different_sources ... ok
test remote::refspec::tests::rejects_destination_collisions::case_2_different_force ... ok
test remote::refspec::tests::rejects_destination_collisions::case_3_deletion ... ok
test remote::refspec::tests::rejects_invalid_names::case_1_dotdot ... ok
test remote::refspec::tests::rejects_invalid_names::case_2_reflog ... ok
test remote::refspec::tests::rejects_invalid_names::case_3_space ... ok
test remote::refspec::tests::rejects_invalid_names::case_4_nul ... ok
test remote::refspec::tests::rejects_invalid_names::case_5_lock ... ok
test remote::refspec::tests::rejects_invalid_names::case_6_slash ... ok
test remote::refspec::tests::rejects_invalid_substitution ... ok
test remote::refspec::tests::rejects_syntax::case_1_negative_push ... ok
test remote::refspec::tests::rejects_syntax::case_2_negative_force ... ok
test remote::refspec::tests::rejects_syntax::case_3_negative_destination ... ok
test remote::refspec::tests::rejects_syntax::case_4_extra_colon ... ok
test remote::refspec::tests::rejects_syntax::case_5_one_sided_glob ... ok
test remote::refspec::tests::rejects_syntax::case_6_destination_glob ... ok
test remote::refspec::tests::rejects_syntax::case_7_many_globs ... ok
test remote::refspec::tests::rejects_syntax::case_8_wildcard_selection ... ok
test remote::refspec::tests::rejects_syntax::case_9_wildcard_deletion ... ok
test remote::refspec::tests::rejects_unsupported::case_01_empty ... ok
test remote::refspec::tests::rejects_unsupported::case_02_matching ... ok
test remote::refspec::tests::rejects_unsupported::case_03_force_matching ... ok
test remote::refspec::tests::rejects_unsupported::case_04_short_source ... ok
test remote::refspec::tests::rejects_unsupported::case_05_short_destination ... ok
test remote::refspec::tests::rejects_unsupported::case_06_head_destination ... ok
test remote::refspec::tests::rejects_unsupported::case_07_push_head_inference ... ok
test remote::refspec::tests::rejects_unsupported::case_08_revision ... ok
test remote::refspec::tests::rejects_unsupported::case_09_oid ... ok
test remote::refspec::tests::rejects_unsupported::case_10_tag_shorthand ... ok
test remote::refspec::tests::rejects_unsupported::case_11_empty_source ... ok
test remote::refspec::tests::rejects_unsupported::case_12_empty_destination ... ok
test remote::refspec::tests::wildcard_substitution::case_1_nested ... ok
test remote::refspec::tests::wildcard_substitution::case_2_empty_capture ... ok
test remote::refspec::tests::wildcard_substitution::case_3_suffix ... ok
test remote::refspec::tests::wildcard_substitution::case_4_bytes ... ok
test repository::discover::tests::dangling_gitfile_symlink_stops_search ... ok
test repository::discover::tests::ceiling_is_inclusive_and_stops_parent_search ... ok
test repository::discover::tests::empty_search_is_read_only ... ok
test repository::discover::tests::malformed_inner_marker_prevents_outer_fallback ... ok
test repository::discover::tests::rejects_non_ancestor_ceiling ... ok
test repository::discover::tests::start_must_be_an_existing_directory ... ok
test repository::discover::tests::nearest_repository_wins ... ok
test repository::discover::tests::symlink_start_uses_physical_ancestry ... ok
test repository::init::tests::concurrent_initializers_have_one_winner ... ok
test repository::init::tests::creates_expected_layout::case_1_ordinary ... ok
test repository::init::tests::creates_expected_layout::case_2_bare ... ok
test push::local::tests::early_rejection_does_not_deadlock_upload_and_preserves_status ... ok
test repository::init::tests::dangling_marker_is_not_replaced ... ok
test repository::init::tests::missing_parent_is_not_created ... ok
test repository::init::tests::exclusive_file_creation_preserves_existing_bytes ... ok
test repository::init::tests::refuses_existing_empty_bare_destination ... ok
test repository::init::tests::refuses_existing_marker_without_writes::case_1_file ... ok
test repository::init::tests::refuses_existing_marker_without_writes::case_2_head ... ok
test repository::tests::bare_values::case_1_false_value ... ok
test repository::init::tests::partial_population_failure_preserves_files_and_omits_head ... ok
test repository::tests::bare_values::case_2_implicit ... ok
test repository::tests::bare_values::case_3_absent ... ok
test repository::tests::git_integers::case_1_octal ... ok
test repository::tests::git_integers::case_2_hex ... ok
test repository::tests::git_integers::case_3_negative ... ok
test repository::tests::git_integers::case_4_invalid_octal ... ok
test repository::tests::git_integers::case_5_overflow ... ok
test repository::tests::metadata_paths_preserve_bytes ... ok
test repository::tests::versions::case_1_zero ... ok
test repository::tests::versions::case_2_plus ... ok
test repository::tests::versions::case_3_suffix ... ok
test repository::tests::versions::case_4_invalid ... ok
test repository::tests::missing_path_is_not_created ... ok
test repository::init::tests::preserves_unrelated_worktree_files ... ok
test status::workflow::supported::tests::detects_metadata_change_on_final_reread::case_2_head ... ok
test status::workflow::supported::tests::detects_metadata_change_on_final_reread::case_1_index ... ok
test status::worktree::tests::accepts_file_byte_limit::case_1_exact ... ok
test status::worktree::tests::cancellation_during_read_returns_no_partial_report ... ok
test status::worktree::tests::compares_bytes_without_stat_shortcuts::case_1_equal ... ok
test status::worktree::tests::accepts_file_byte_limit::case_2_larger ... ok
test status::worktree::tests::compares_bytes_without_stat_shortcuts::case_2_different ... ok
test status::worktree::tests::compares_bytes_without_stat_shortcuts::case_3_empty ... ok
test status::worktree::tests::detects_mode_only_change ... ok
test status::worktree::tests::detects_same_size_content_change_with_restored_mtime ... ok
test status::worktree::tests::enforces_scan_limits::case_1_file_limit ... ok
test status::worktree::tests::enforces_scan_limits::case_2_total_bytes ... ok
test status::worktree::tests::enforces_scan_limits::case_5_depth ... ok
test status::worktree::tests::enforces_scan_limits::case_4_paths ... ok
test status::worktree::tests::enforces_scan_limits::case_3_entries ... ok
test status::worktree::tests::never_follows_substituted_root_ancestor ... ok
test status::worktree::tests::rejects_non_ascii_paths_on_normalizing_platform ... ok
test status::worktree::tests::rejects_paths_before_platform_conversion::case_1_absolute ... ok
test status::worktree::tests::rejects_paths_before_platform_conversion::case_2_parent ... ok
test status::worktree::tests::rejects_paths_before_platform_conversion::case_3_dot ... ok
test status::worktree::tests::rejects_paths_before_platform_conversion::case_4_metadata ... ok
test status::worktree::tests::rejects_paths_before_platform_conversion::case_5_nul ... ok
test status::worktree::tests::rejects_paths_before_platform_conversion::case_6_backslash ... ok
test status::worktree::tests::rejects_paths_before_platform_conversion::case_7_drive ... ok
test status::worktree::tests::rejects_paths_before_platform_conversion::case_8_empty_component ... ok
test status::worktree::tests::reads_symlink_target_without_following_it ... ok
test status::worktree::tests::never_follows_symlink_ancestor ... ok
test status::worktree::tests::replaced_parent_is_detected_without_following_new_symlink ... ok
test status::worktree::tests::reports_change_observed_after_content_read ... ok
test status::worktree::tests::reports_directory_mutation_during_scan ... ok
test status::worktree::tests::special_file_is_an_obstruction_without_blocking_read ... ok
test status::worktree::tests::symlink_payload_is_bounded::case_1_exact ... ok
test status::worktree::tests::symlink_payload_is_bounded::case_2_too_small ... ok
test status::worktree::tests::tracked_only_obstruction_does_not_descend_into_directory ... ok
test status::worktree::tests::skips_nested_repository_and_bare_metadata ... ok
test tag::dual_format_tests::parsing_rejects_foreign_target::case_1_sha1 ... ok
test tag::dual_format_tests::parsing_rejects_foreign_target::case_2_sha256 ... ok
test tag::format_boundary_tests::constructs_sha256_target ... ok
test tag::tests::accepts_byte_names_without_ref_validation ... ok
test tag::tests::constructs_every_target_kind::case_1_blob ... ok
test tag::tests::constructs_every_target_kind::case_2_tree ... ok
test tag::tests::constructs_every_target_kind::case_3_commit ... ok
test tag::tests::constructs_every_target_kind::case_4_tag ... ok
test tag::tests::constructs_negative_tagger_seconds ... ok
test tag::tests::matches_independent_literal_identity ... ok
test tag::tests::preserves_empty_message_framing::case_1_without_tagger ... ok
test tag::tests::preserves_empty_message_framing::case_2_blank_separator ... ok
test tag::tests::preserves_empty_message_framing::case_3_tagger_only ... ok
test tag::tests::preserves_empty_message_framing::case_4_tagger_separator ... ok
test tag::tests::preserves_opaque_extra_lines ... ok
test tag::tests::preserves_opaque_message::case_1_binary ... ok
test tag::tests::preserves_opaque_message::case_2_pgp ... ok
test tag::tests::preserves_opaque_message::case_3_ssh ... ok
test tag::tests::preserves_opaque_message::case_4_empty ... ok
test tag::tests::rejects_invalid_constructed_extra_lines::case_1_empty ... ok
test tag::tests::rejects_invalid_constructed_extra_lines::case_2_lf ... ok
test tag::tests::rejects_invalid_constructed_extra_lines::case_3_cr ... ok
test tag::tests::rejects_invalid_constructed_extra_lines::case_4_nul ... ok
test tag::tests::rejects_invalid_constructed_extra_lines::case_5_object ... ok
test tag::tests::rejects_invalid_constructed_extra_lines::case_6_kind ... ok
test tag::tests::rejects_invalid_constructed_extra_lines::case_7_name ... ok
test tag::tests::rejects_invalid_constructed_extra_lines::case_8_tagger ... ok
test tag::tests::rejects_malformed_headers::case_01_empty ... ok
test tag::tests::rejects_malformed_headers::case_02_truncated ... ok
test tag::tests::rejects_malformed_headers::case_03_missing ... ok
test tag::tests::rejects_malformed_headers::case_04_reordered ... ok
test tag::tests::rejects_malformed_headers::case_05_short ... ok
test tag::tests::rejects_malformed_headers::case_06_sha256 ... ok
test tag::tests::rejects_malformed_headers::case_07_nonhex ... ok
test tag::tests::rejects_malformed_headers::case_08_missing_kind ... ok
test tag::tests::rejects_malformed_headers::case_09_bad_kind ... ok
test tag::tests::rejects_malformed_headers::case_10_missing_name ... ok
test tag::tests::rejects_unreadable_tagger::case_1_identity ... ok
test tag::tests::rejects_unreadable_tagger::case_2_overflow ... ok
test tag::tests::retains_extra_values_rejected_by_validation ... ok
test tag::tests::retains_lexical_details_until_reconstruction ... ok
test tag::tests::retains_names_rejected_by_construction::case_1_empty ... ok
test tag::tests::retains_names_rejected_by_construction::case_2_space ... ok
test tag::tests::retains_names_rejected_by_construction::case_3_nul ... ok
test tag::tests::retains_names_rejected_by_construction::case_4_cr ... ok
test status::worktree::tests::tracks_exact_case_without_alias_lookup ... ok
test tag::tests::retains_repeated_or_misplaced_headers::case_1_object ... ok
test tag::tests::retains_repeated_or_misplaced_headers::case_2_kind ... ok
test status::worktree::tests::tracked_path_below_nested_repository_is_obstructed ... ok
test tag::tests::retains_repeated_or_misplaced_headers::case_3_name ... ok
test tag::tests::retains_repeated_or_misplaced_headers::case_4_misplaced_tagger ... ok
test tag::tests::retains_repeated_or_misplaced_headers::case_5_repeated_tagger ... ok
test tag::tests::retains_tagger_rejected_by_validation::case_1_empty ... ok
test transport::control::tests::cancellation_wins_when_deadline_also_expired ... ok
test transport::http::tests::rejects_credential_bearing_or_unsupported_urls::case_1_userinfo ... ok
test transport::http::tests::rejects_credential_bearing_or_unsupported_urls::case_2_empty_user ... ok
test transport::http::tests::rejects_credential_bearing_or_unsupported_urls::case_3_query ... ok
test transport::http::tests::rejects_credential_bearing_or_unsupported_urls::case_4_fragment ... ok
test transport::http::tests::rejects_credential_bearing_or_unsupported_urls::case_5_scheme ... ok
test transport::http::tests::endpoint_debug_redacts_headers_and_path ... ok
test transport::http::tests::rejects_credential_bearing_or_unsupported_urls::case_6_invalid ... ok
test transport::http::tests::rejects_reserved_headers_and_injection::case_1_host ... ok
test transport::http::tests::rejects_reserved_headers_and_injection::case_2_proxy ... ok
test transport::http::tests::rejects_reserved_headers_and_injection::case_3_protocol ... ok
test transport::http::tests::rejects_reserved_headers_and_injection::case_4_length ... ok
test transport::http::tests::rejects_reserved_headers_and_injection::case_5_connection ... ok
test transport::http::tests::rejects_reserved_headers_and_injection::case_6_injection ... ok
test transport::http::tests::transport_types_can_move_between_workers ... ok
test transport::process::tests::cancellation_interrupts_exit_wait ... ok
test transport::process::tests::deadline_interrupts_full_input_pipe ... ok
test transport::process::tests::deadline_interrupts_exit_wait_after_eof ... ok
test transport::process::tests::deadline_interrupts_silent_advertisement ... ok
test transport::process::tests::expired_control_prevents_spawn ... ok
test push::local::tests::silent_server_times_out_before_commands ... ok
test transport::process::tests::flag_interrupts_waiting_pipe::case_1_read ... ok
test transport::process::tests::group_cleanup_closes_descendant_pipe_and_preserves_unrelated_child ... ok
test transport::process::tests::observable_exit_wins_over_later_cancellation ... ok
test transport::process::tests::flag_interrupts_waiting_pipe::case_2_write ... ok
test transport::process::tests::unwinding_reaps_owned_child ... ok
test transport::ssh::process::tests::already_cancelled_exchange_attempts_no_write ... ok
test transport::ssh::process::tests::deadline_cleans_up_child_with_blocked_stdout_and_stderr ... ok
test transport::process::tests::unread_full_stdout_does_not_prevent_exit_deadline_or_cleanup ... ok
test transport::ssh::process::tests::successful_exit_kills_pipe_holding_descendants_only ... ok
test transport::ssh::tests::quotes_path_and_separates_options ... ok
test transport::ssh::tests::rejects_unsafe_components::case_1_option ... ok
test transport::ssh::tests::rejects_unsafe_components::case_2_url ... ok
test transport::ssh::tests::rejects_unsafe_components::case_3_scp ... ok
test transport::ssh::tests::rejects_unsafe_components::case_4_user ... ok
test transport::ssh::tests::rejects_unsafe_components::case_5_path_option ... ok
test transport::ssh::tests::rejects_unsafe_components::case_6_tilde ... ok
test transport::ssh::tests::rejects_unsafe_components::case_7_newline ... ok
test transport::ssh::tests::rejects_unsafe_components::case_8_empty ... ok
test transport::ssh::tests::rejects_unsupported_configuration::case_1_zero_port ... ok
test transport::ssh::tests::rejects_unsupported_configuration::case_2_relative_executable ... ok
test transport::ssh::tests::rejects_unsupported_configuration::case_3_relative_config ... ok
test tree::dual_format_tests::empty_tree_retains_selected_identity::case_1_sha1 ... ok
test tree::dual_format_tests::empty_tree_retains_selected_identity::case_2_sha256 ... ok
test tree::dual_format_tests::sha256_tree_rejects_sha1_gitlink ... ok
test tree::dual_format_tests::truncated_digest_is_rejected::case_1_sha1 ... ok
test tree::dual_format_tests::truncated_digest_is_rejected::case_2_sha256 ... ok
test tree::format_boundary_tests::rejects_sha256_entry_before_encoding ... ok
test tree::tests::compares_git_names::case_1_file_prefix ... ok
test tree::tests::compares_git_names::case_2_directory_after_dot ... ok
test tree::tests::compares_git_names::case_3_directory_before_zero ... ok
test tree::tests::compares_git_names::case_4_longer_directory ... ok
test tree::tests::compares_git_names::case_5_gitlink_is_file ... ok
test tree::tests::compares_git_names::case_6_symlink_is_file ... ok
test tree::tests::compares_git_names::case_7_unsigned_bytes ... ok
test tree::tests::detects_duplicate_names_even_when_nonadjacent::case_1_same_mode ... ok
test tree::tests::detects_duplicate_names_even_when_nonadjacent::case_2_different_mode ... ok
test tree::tests::empty_tree_has_git_identity ... ok
test tree::tests::parses_invalid_names_without_repair::case_1_empty ... ok
test tree::tests::parses_invalid_names_without_repair::case_2_slash ... ok
test tree::tests::parses_invalid_names_without_repair::case_3_dot ... ok
test tree::tests::parses_invalid_names_without_repair::case_4_dot_dot ... ok
test tree::tests::preserves_delimiter_bytes_inside_object_id ... ok
test tree::tests::preserves_name_bytes::case_1_non_utf8 ... ok
test tree::tests::preserves_name_bytes::case_2_whitespace ... ok
test tree::tests::preserves_name_bytes::case_3_backslash ... ok
test tree::tests::preserves_supported_modes::case_1_regular ... ok
test tree::tests::preserves_supported_modes::case_2_executable ... ok
test tree::tests::preserves_supported_modes::case_3_symlink ... ok
test tree::tests::preserves_supported_modes::case_4_directory ... ok
test tree::tests::preserves_supported_modes::case_5_gitlink ... ok
test tree::tests::preserves_unsorted_input_until_explicit_reconstruction ... ok
test tree::tests::rejects_incomplete_records::case_1_missing_space ... ok
test tree::tests::rejects_incomplete_records::case_2_missing_nul ... ok
test tree::tests::rejects_incomplete_records::case_3_no_id ... ok
test tree::tests::rejects_incomplete_records::case_4_short_id ... ok
test tree::tests::rejects_invalid_new_names::case_1_empty ... ok
test tree::tests::rejects_invalid_new_names::case_2_nul ... ok
test tree::tests::rejects_invalid_new_names::case_3_slash ... ok
test tree::tests::rejects_invalid_new_names::case_4_dot ... ok
test tree::tests::rejects_invalid_new_names::case_5_dot_dot ... ok
test tree::tests::rejects_trailing_partial_entry ... ok
test tree::tests::rejects_unsupported_mode_spellings::case_1_empty ... ok
test tree::tests::rejects_unsupported_mode_spellings::case_2_non_octal ... ok
test tree::tests::rejects_unsupported_mode_spellings::case_3_negative ... ok
test tree::tests::sorts_file_and_directory_prefixes ... ok
test tree_compare::tests::bytes_are_bounded_during_storage_read::case_1_per_read ... ok
test tree_compare::tests::bytes_are_bounded_during_storage_read::case_2_cumulative ... ok
test tree_compare::tests::cancellation_between_reads_stops_before_missing_object ... ok
test tree_compare::tests::cancellation_precedes_identity_skips_and_reads::case_1_empty ... ok
test tree_compare::tests::cancellation_precedes_identity_skips_and_reads::case_2_equal ... ok
test tree_compare::tests::cancellation_precedes_identity_skips_and_reads::case_3_different ... ok
test tree_compare::tests::corrupt_storage_retains_source ... ok
test tree_compare::tests::cumulative_bytes_include_both_sides ... ok
test transport::ssh::process::tests::dropping_pending_future_kills_and_reaps_the_child ... ok
test tree_compare::tests::depth_limit_precedes_queue_growth ... ok
test tree_compare::tests::empty_directories_have_no_leaf_record ... ok
test tree_compare::tests::empty_side_and_nested_byte_paths::case_1_add ... ok
test tree_compare::tests::empty_side_and_nested_byte_paths::case_2_remove ... ok
test tree_compare::tests::equal_sha256_roots_do_not_bypass_format_validation ... ok
test tree_compare::tests::exact_limits_succeed ... ok
test tree_compare::tests::identical_missing_subtree_is_skipped_in_changed_roots ... ok
test tree_compare::tests::identical_roots_are_not_validated::case_1_missing ... ok
test tree_compare::tests::identical_roots_are_not_validated::case_2_malformed ... ok
test tree_compare::tests::identical_roots_are_not_validated::case_3_wrong_kind ... ok
test tree_compare::tests::invalid_trees_are_not_silently_normalized::case_1_syntax ... ok
test tree_compare::tests::invalid_trees_are_not_silently_normalized::case_2_name ... ok
test tree_compare::tests::invalid_trees_are_not_silently_normalized::case_3_duplicate ... ok
test tree_compare::tests::invalid_trees_are_not_silently_normalized::case_4_order ... ok
test tree_compare::tests::leaf_changes::case_01_unchanged ... ok
test tree_compare::tests::leaf_changes::case_02_added ... ok
test tree_compare::tests::leaf_changes::case_03_removed ... ok
test tree_compare::tests::leaf_changes::case_04_content ... ok
test tree_compare::tests::leaf_changes::case_05_executable ... ok
test tree_compare::tests::leaf_changes::case_06_symlink_same_content ... ok
test tree_compare::tests::leaf_changes::case_07_symlink_target ... ok
test tree_compare::tests::leaf_changes::case_08_gitlink ... ok
test tree_compare::tests::leaf_changes::case_09_gitlink_type ... ok
test tree_compare::tests::leaf_changes::case_10_empty ... ok
test tree_compare::tests::leaf_targets_are_not_type_checked ... ok
test tree_compare::tests::missing_nested_tree_has_identity_and_byte_path ... ok
test tree_compare::tests::replacements_pair_names_across_git_order::case_1_forward ... ok
test tree_compare::tests::replacements_pair_names_across_git_order::case_2_reverse ... ok
test tree_compare::tests::wrong_kind_nested_tree_is_contextual ... ok
test tree_compare::tests::zero_budgets_reject_before_result_growth::case_1_trees ... ok
test tree_compare::tests::zero_budgets_reject_before_result_growth::case_2_entries ... ok
test tree_compare::tests::zero_budgets_reject_before_result_growth::case_3_paths ... ok
test tree_compare::tests::zero_budgets_reject_before_result_growth::case_4_changes ... ok
test transport::process::tests::drains_full_diagnostic_pipe_before_reading_response ... ok
test transport::process::tests::drains_full_stderr_while_writing_full_stdin ... ok
test tree_compare::tests::deep_tree_uses_an_explicit_stack ... ok

test result: ok. 1535 passed; 0 failed; 0 ignored; 0 measured; 0 filtered out; finished in 4.92s

     Running tests/blobs.rs (target/debug/deps/blobs-13d581702c637839)

running 43 tests
test failed_publication_leaves_no_temporary_file ... ok
test duplicate_write_preserves_existing_object ... ok
test concurrent_writes_publish_one_object ... ok
test reads_complete_zlib_fixture ... ok
test rejects_invalid_zlib_checksum ... ok
test rejects_malformed_headers_lengths_and_identities::case_1_missing_terminator ... ok
test rejects_malformed_headers_lengths_and_identities::case_2_missing_length ... ok
test rejects_malformed_headers_lengths_and_identities::case_3_leading_zero ... ok
test rejects_malformed_headers_lengths_and_identities::case_4_positive_sign ... ok
test rejects_malformed_headers_lengths_and_identities::case_5_negative_length ... ok
test rejects_malformed_headers_lengths_and_identities::case_6_length_too_small ... ok
test rejects_malformed_headers_lengths_and_identities::case_7_length_too_large ... ok
test rejects_malformed_headers_lengths_and_identities::case_8_wrong_identity ... ok
test rejects_malformed_headers_lengths_and_identities::case_9_unrepresentable_length ... ok
test rejects_non_zlib_data ... ok
test rejects_oversized_objects::case_1_highly_compressed ... ok
test rejects_oversized_objects::case_2_one_byte_over_limit ... ok
test rejects_trailing_zlib_data::case_1_trailing_byte ... ok
test rejects_trailing_zlib_data::case_2_second_stream ... ok
test rejects_truncated_zlib_data::case_01_empty ... ok
test rejects_truncated_zlib_data::case_02_zlib_header_byte_1 ... ok
test rejects_truncated_zlib_data::case_03_zlib_header_only ... ok
test rejects_truncated_zlib_data::case_04_deflate_prefix_1 ... ok
test rejects_truncated_zlib_data::case_05_deflate_prefix_2 ... ok
test rejects_truncated_zlib_data::case_06_deflate_prefix_3 ... ok
test rejects_truncated_zlib_data::case_07_deflate_prefix_4 ... ok
test rejects_truncated_zlib_data::case_08_deflate_prefix_5 ... ok
test rejects_truncated_zlib_data::case_09_deflate_prefix_6 ... ok
test rejects_truncated_zlib_data::case_10_deflate_prefix_7 ... ok
test rejects_truncated_zlib_data::case_11_deflate_prefix_8 ... ok
test rejects_truncated_zlib_data::case_12_deflate_prefix_9 ... ok
test rejects_truncated_zlib_data::case_13_deflate_prefix_10 ... ok
test rejects_truncated_zlib_data::case_14_deflate_prefix_11 ... ok
test rejects_truncated_zlib_data::case_15_missing_checksum ... ok
test rejects_truncated_zlib_data::case_16_checksum_byte_1 ... ok
test rejects_truncated_zlib_data::case_17_checksum_byte_2 ... ok
test rejects_truncated_zlib_data::case_18_checksum_byte_3 ... ok
test rejects_unsupported_object_type ... ok
test reports_missing_object ... ok
test write_preserves_corrupt_existing_object ... ok
test interoperates_with_git_in_both_directions::case_1_empty ... ok
test interoperates_with_git_in_both_directions::case_2_text ... ok
test interoperates_with_git_in_both_directions::case_3_binary ... ok

test result: ok. 43 passed; 0 failed; 0 ignored; 0 measured; 0 filtered out; finished in 0.04s

     Running tests/checkout.rs (target/debug/deps/checkout-ffc0f52e477e0406)

running 7 tests
test checkout_routes_index_to_correct_worktree::case_2_linked ... ok
test missing_index_requires_empty_explicit_baseline ... ok
test checkout_routes_index_to_correct_worktree::case_1_separate ... ok
test no_checkout_clone_then_git_status_and_commit::case_1_git ... ok
test raw_checkout_deliberately_does_not_apply_attributes ... ok
test tracked_update_leaves_head_and_matches_git_tree_index ... ok
test no_checkout_clone_then_git_status_and_commit::case_2_girt ... ok

test result: ok. 7 passed; 0 failed; 0 ignored; 0 measured; 0 filtered out; finished in 0.25s

     Running tests/checkout_portable.rs (target/debug/deps/checkout_portable-2b37267e48dfe61f)

running 1 test
test cancellation_precedes_index_access ... ok

test result: ok. 1 passed; 0 failed; 0 ignored; 0 measured; 0 filtered out; finished in 0.00s

     Running tests/clone.rs (target/debug/deps/clone-11a91961deea650f)

running 28 tests
test dangling_destination_symlink_is_not_followed ... ok
test empty_repository_has_unborn_head_and_persistent_remote::case_2_selected ... ok
test existing_destinations_are_never_accepted::case_1_directory ... ok
test empty_repository_has_unborn_head_and_persistent_remote::case_1_default ... ok
test existing_destinations_are_never_accepted::case_2_file ... ok
test changed_remote_after_download_does_not_change_published_id ... ok
test detached_head_is_retained_even_when_equal_to_several_branches ... ok
test git_reads_exact_quoted_remote_metadata ... ok
test explicit_branch_selects_local_head_without_excluding_other_branches ... ok
test head_and_reflog_policies_compose_in_each_layout::case_1_branch_preserve::kind_1_InitKind__Bare ... ok
test head_and_reflog_policies_compose_in_each_layout::case_1_branch_preserve::kind_2_InitKind__Worktree ... ok
test head_and_reflog_policies_compose_in_each_layout::case_2_branch_append::kind_2_InitKind__Worktree ... ok
test head_and_reflog_policies_compose_in_each_layout::case_2_branch_append::kind_1_InitKind__Bare ... ok
test head_and_reflog_policies_compose_in_each_layout::case_3_detached_preserve::kind_1_InitKind__Bare ... ok
test head_and_reflog_policies_compose_in_each_layout::case_3_detached_preserve::kind_2_InitKind__Worktree ... ok
test head_and_reflog_policies_compose_in_each_layout::case_4_detached_append::kind_1_InitKind__Bare ... ok
test head_and_reflog_policies_compose_in_each_layout::case_4_detached_append::kind_2_InitKind__Worktree ... ok
test head_and_reflog_policies_compose_in_each_layout::case_5_unborn_preserve::kind_1_InitKind__Bare ... ok
test head_and_reflog_policies_compose_in_each_layout::case_5_unborn_preserve::kind_2_InitKind__Worktree ... ok
test head_and_reflog_policies_compose_in_each_layout::case_6_unborn_append::kind_1_InitKind__Bare ... ok
test head_and_reflog_policies_compose_in_each_layout::case_6_unborn_append::kind_2_InitKind__Worktree ... ok
test missing_remote_head_requires_branch_selection_without_destination_effects ... ok
test noncommit_branch_is_rejected_after_install_without_final_head_or_config ... ok
test receive_cancellation_leaves_no_destination ... ok
test ordinary_clone_matches_git_no_checkout_index_boundary ... ok
test transfer_object_limit_leaves_destination_absent ... ok
test populated_clone_and_subsequent_fetch_use_persisted_configuration::case_1_bare ... ok
test populated_clone_and_subsequent_fetch_use_persisted_configuration::case_2_ordinary ... ok

test result: ok. 28 passed; 0 failed; 0 ignored; 0 measured; 0 filtered out; finished in 1.01s

     Running tests/commits.rs (target/debug/deps/commits-e2b2f56d19ce1f03)

running 27 tests
test agrees_with_git_commit_tree_in_both_directions::case_1_root ... ok
test caller_can_resolve_collision_by_decrementing_across_epoch ... ok
test agrees_with_git_commit_tree_in_both_directions::case_2_single_parent ... ok
test agrees_with_git_commit_tree_in_both_directions::case_3_merge ... ok
test constructs_signed_seconds_without_rewriting_identity::case_1_before_epoch ... ok
test agrees_with_git_commit_tree_in_both_directions::case_4_octopus ... ok
test constructs_signed_seconds_without_rewriting_identity::case_2_minimum ... ok
test constructs_signed_seconds_without_rewriting_identity::case_3_maximum ... ok
test fixed_unit_identity_agrees_with_git ... ok
test interprets_identity_without_losing_original_bytes::case_1_no_space ... ok
test interprets_identity_without_losing_original_bytes::case_2_overlapping ... ok
test interprets_identity_without_losing_original_bytes::case_3_closing_in_name ... ok
test interprets_identity_without_losing_original_bytes::case_4_raw ... ok
test interprets_identity_without_losing_original_bytes::case_5_empty ... ok
test interprets_identity_without_losing_original_bytes::case_6_padded ... ok
test matches_git_verification_payload_capture::case_1_single ... ok
test matches_git_verification_payload_capture::case_2_repeated ... ok
test matches_git_verification_payload_capture::case_3_both_spellings ... ok
test extracts_selected_signature_without_reencoding::case_2_other_format ... ok
test extracts_selected_signature_without_reencoding::case_1_first ... ok
test retains_uninterpretable_dates_for_caller_policy::case_1_malformed ... ok
test retains_uninterpretable_dates_for_caller_policy::case_2_overflow ... ok
test retains_uninterpretable_dates_for_caller_policy::case_3_missing ... ok
test extracts_selected_signature_without_reencoding::case_3_repeated ... ok
test preserves_noncanonical_git_storage::case_1_lexical ... ok
test preserves_noncanonical_git_storage::case_2_invalid_identity ... ok
test stores_constructed_binary_message_and_opaque_headers ... ok

test result: ok. 27 passed; 0 failed; 0 ignored; 0 measured; 0 filtered out; finished in 0.15s

     Running tests/config_edit.rs (target/debug/deps/config_edit-107ea2485ca27ac0)

running 10 tests
test branch_and_refspec_changes_agree_with_git::case_2_remove ... ok
test competing_threads_cannot_overwrite_from_stale_snapshot ... ok
test branch_and_refspec_changes_agree_with_git::case_1_rename ... ok
test explicit_unicode_file_path_is_preserved ... ok
test git_reads_lossless_unusual_syntax::case_1_deprecated ... ok
test git_reads_lossless_unusual_syntax::case_2_bytes ... ok
test includes_globals_and_inherited_only_remotes_are_never_rewritten ... ok
test add_set_append_remove_url_agree_with_git::case_1_sha1 ... ok
test add_set_append_remove_url_agree_with_git::case_2_sha256 ... ok
test repeated_fetch_push_and_reset_values_remain_ordered ... ok

test result: ok. 10 passed; 0 failed; 0 ignored; 0 measured; 0 filtered out; finished in 0.06s

     Running tests/config_resolution.rs (target/debug/deps/config_resolution-18083ad3fdca682e)

running 40 tests
test bootstrap_config_reads_obey_byte_budget ... ok
test conditions_match_git::case_02_branch_star ... ok
test conditions_match_git::case_01_branch ... ok
test conditions_match_git::case_04_gitdir ... ok
test conditions_match_git::case_03_branch_miss ... ok
test conditions_match_git::case_06_casefold ... ok
test conditions_match_git::case_07_case_sensitive ... ok
test conditions_match_git::case_05_gitdir_suffix ... ok
test conditions_match_git::case_08_relative ... ok
test conditions_match_git::case_10_unknown ... ok
test conditions_match_git::case_12_hasconfig_miss ... ok
test conditions_match_git::case_09_home ... ok
test conditions_match_git::case_11_hasconfig ... ok
test empty_include_path_is_inert ... ok
test contextual_failures::case_3_implicit ... ok
test contextual_failures::case_2_malformed ... ok
test contextual_failures::case_1_cycle ... ok
test environment_values_and_name_bytes_are_literal ... ok
test environment_count_spellings_match_git::case_1_plus ... ok
test environment_count_spellings_match_git::case_3_leading_zero ... ok
test environment_count_spellings_match_git::case_2_leading_space ... ok
test explicit_environment_file_selection_replaces_defaults ... ok
test hasconfig_rejects_remote_urls_even_in_unmatched_descendants::case_1_not_matching ... ok
test hasconfig_rejects_remote_urls_even_in_unmatched_descendants::case_2_matching ... ok
test hasconfig_sees_environment_url_without_applying_included_urls ... ok
test missing_root_policy::case_1_missing ... ok
test missing_root_policy::case_2_optional ... ok
test nested_relative_includes_preserve_order_provenance_and_snapshot ... ok
test layers_environment_command_remote_reset_and_format_bootstrap ... ok
test raw_spelling_and_subsection_case_match_git::case_1_quoted ... ok
test raw_spelling_and_subsection_case_match_git::case_2_deprecated ... ok
test resolution_budgets::case_1_bytes ... ok
test resolution_budgets::case_2_depth ... ok
test resolution_budgets::case_3_entries ... ok
test resolution_budgets::case_4_matching ... ok
test repository_gitdir_conditions_match_logical_symlink_alias ... ok
test worktree_layout_settings_do_not_reinterpret_object_format ... ok
test linked_worktree_uses_private_gitdir_branch_and_config::case_2_sha256 ... ok
test linked_worktree_uses_private_gitdir_branch_and_config::case_1_sha1 ... ok
test xdg_precedes_home_and_absent_includes_are_optional ... ok

test result: ok. 40 passed; 0 failed; 0 ignored; 0 measured; 0 filtered out; finished in 0.14s

     Running tests/content_diff.rs (target/debug/deps/content_diff-f657db64dbdc7871)

running 16 tests
test ordinary_nul_binary_classification_agrees_with_git ... ok
test ambiguous_alignments_agree_semantically::case_2_repeated ... ok
test ambiguous_alignments_agree_semantically::case_1_swap ... ok
test ambiguous_alignments_agree_semantically::case_3_blank_lines ... ok
test simple_zero_context_spans_agree_with_git::case_03_deletion ... ok
test simple_zero_context_spans_agree_with_git::case_04_insert_middle ... ok
test simple_zero_context_spans_agree_with_git::case_01_replace ... ok
test simple_zero_context_spans_agree_with_git::case_02_addition ... ok
test simple_zero_context_spans_agree_with_git::case_07_final_lf_change ... ok
test simple_zero_context_spans_agree_with_git::case_05_two_regions ... ok
test simple_zero_context_spans_agree_with_git::case_06_missing_final_lf ... ok
test simple_zero_context_spans_agree_with_git::case_08_crlf ... ok
test simple_zero_context_spans_agree_with_git::case_09_non_utf8 ... ok
test simple_zero_context_spans_agree_with_git::case_10_forced_nul ... ok
test tree_changes_load_verified_content_for_diff::case_1_loose ... ok
test tree_changes_load_verified_content_for_diff::case_2_packed ... ok

test result: ok. 16 passed; 0 failed; 0 ignored; 0 measured; 0 filtered out; finished in 0.07s

     Running tests/decoding.rs (target/debug/deps/decoding-e855786bc93fac79)

running 180 tests
test bare_signature_spelling_is_not_a_framed_signature ... ok
test commit_graph_and_storage_match_git::case_02_missing_author::format_1_ObjectFormat__Sha1 ... ok
test commit_graph_and_storage_match_git::case_01_canonical::format_2_ObjectFormat__Sha256 ... ok
test commit_graph_and_storage_match_git::case_01_canonical::format_1_ObjectFormat__Sha1 ... ok
test commit_graph_and_storage_match_git::case_02_missing_author::format_2_ObjectFormat__Sha256 ... ok
test commit_graph_and_storage_match_git::case_03_missing_committer::format_1_ObjectFormat__Sha1 ... ok
test commit_graph_and_storage_match_git::case_03_missing_committer::format_2_ObjectFormat__Sha256 ... ok
test commit_graph_and_storage_match_git::case_04_reordered_people::format_1_ObjectFormat__Sha1 ... ok
test commit_graph_and_storage_match_git::case_04_reordered_people::format_2_ObjectFormat__Sha256 ... ok
test commit_graph_and_storage_match_git::case_05_duplicate_tree::format_1_ObjectFormat__Sha1 ... ok
test commit_graph_and_storage_match_git::case_05_duplicate_tree::format_2_ObjectFormat__Sha256 ... ok
test commit_graph_and_storage_match_git::case_06_duplicate_author::format_1_ObjectFormat__Sha1 ... ok
test commit_graph_and_storage_match_git::case_06_duplicate_author::format_2_ObjectFormat__Sha256 ... ok
test commit_graph_and_storage_match_git::case_07_duplicate_committer::format_1_ObjectFormat__Sha1 ... ok
test commit_graph_and_storage_match_git::case_07_duplicate_committer::format_2_ObjectFormat__Sha256 ... ok
test commit_graph_and_storage_match_git::case_08_folded_tree::format_1_ObjectFormat__Sha1 ... ok
test commit_graph_and_storage_match_git::case_08_folded_tree::format_2_ObjectFormat__Sha256 ... ok
test commit_graph_and_storage_match_git::case_09_folded_author::format_2_ObjectFormat__Sha256 ... ok
test commit_graph_and_storage_match_git::case_09_folded_author::format_1_ObjectFormat__Sha1 ... ok
test commit_graph_and_storage_match_git::case_10_missing_space::format_2_ObjectFormat__Sha256 ... ok
test commit_graph_and_storage_match_git::case_10_missing_space::format_1_ObjectFormat__Sha1 ... ok
test commit_graph_and_storage_match_git::case_11_tab::format_1_ObjectFormat__Sha1 ... ok
test commit_graph_and_storage_match_git::case_12_orphan::format_2_ObjectFormat__Sha256 ... ok
test commit_graph_and_storage_match_git::case_12_orphan::format_1_ObjectFormat__Sha1 ... ok
test commit_graph_and_storage_match_git::case_11_tab::format_2_ObjectFormat__Sha256 ... ok
test commit_graph_and_storage_match_git::case_13_no_separator::format_1_ObjectFormat__Sha1 ... ok
test commit_graph_and_storage_match_git::case_13_no_separator::format_2_ObjectFormat__Sha256 ... ok
test commit_graph_and_storage_match_git::case_14_truncated_person::format_2_ObjectFormat__Sha256 ... ok
test commit_graph_and_storage_match_git::case_14_truncated_person::format_1_ObjectFormat__Sha1 ... ok
test commit_graph_and_storage_match_git::case_15_short_parent::format_2_ObjectFormat__Sha256 ... ok
test commit_graph_and_storage_match_git::case_16_truncated_parent::format_1_ObjectFormat__Sha1 ... ok
test commit_graph_and_storage_match_git::case_15_short_parent::format_1_ObjectFormat__Sha1 ... ok
test commit_graph_and_storage_match_git::case_16_truncated_parent::format_2_ObjectFormat__Sha256 ... ok
test commit_graph_and_storage_match_git::case_18_missing_date::format_1_ObjectFormat__Sha1 ... ok
test commit_graph_and_storage_match_git::case_17_late_parent::format_1_ObjectFormat__Sha1 ... ok
test commit_graph_and_storage_match_git::case_17_late_parent::format_2_ObjectFormat__Sha256 ... ok
test commit_graph_and_storage_match_git::case_18_missing_date::format_2_ObjectFormat__Sha256 ... ok
test commit_graph_and_storage_match_git::case_19_overflow_date::format_1_ObjectFormat__Sha1 ... ok
test commit_graph_and_storage_match_git::case_20_bad_date::format_1_ObjectFormat__Sha1 ... ok
test commit_graph_and_storage_match_git::case_19_overflow_date::format_2_ObjectFormat__Sha256 ... ok
test commit_graph_and_storage_match_git::case_20_bad_date::format_2_ObjectFormat__Sha256 ... ok
test commit_graph_and_storage_match_git::case_21_noncanonical_hours::format_1_ObjectFormat__Sha1 ... ok
test commit_graph_and_storage_match_git::case_21_noncanonical_hours::format_2_ObjectFormat__Sha256 ... ok
test commit_graph_and_storage_match_git::case_22_noncanonical_minutes::format_1_ObjectFormat__Sha1 ... ok
test commit_graph_and_storage_match_git::case_22_noncanonical_minutes::format_2_ObjectFormat__Sha256 ... ok
test commit_graph_and_storage_match_git::case_23_short_zone::format_1_ObjectFormat__Sha1 ... ok
test commit_graph_and_storage_match_git::case_23_short_zone::format_2_ObjectFormat__Sha256 ... ok
test commit_graph_and_storage_match_git::case_24_unsigned_zone::format_2_ObjectFormat__Sha256 ... ok
test commit_graph_and_storage_match_git::case_24_unsigned_zone::format_1_ObjectFormat__Sha1 ... ok
test commit_graph_and_storage_match_git::case_26_identity_whitespace::format_2_ObjectFormat__Sha256 ... ok
test commit_graph_and_storage_match_git::case_25_negative_date::format_1_ObjectFormat__Sha1 ... ok
test commit_graph_and_storage_match_git::case_26_identity_whitespace::format_1_ObjectFormat__Sha1 ... ok
test commit_graph_and_storage_match_git::case_25_negative_date::format_2_ObjectFormat__Sha256 ... ok
test commit_graph_and_storage_match_git::case_28_tab_date::format_1_ObjectFormat__Sha1 ... ok
test commit_graph_and_storage_match_git::case_27_trailing_date::format_1_ObjectFormat__Sha1 ... ok
test commit_graph_and_storage_match_git::case_27_trailing_date::format_2_ObjectFormat__Sha256 ... ok
test commit_graph_and_storage_match_git::case_28_tab_date::format_2_ObjectFormat__Sha256 ... ok
test date_errors_preserve_usable_identity::case_1_missing::format_1_ObjectFormat__Sha1 ... ok
test date_errors_preserve_usable_identity::case_1_missing::format_2_ObjectFormat__Sha256 ... ok
test date_errors_preserve_usable_identity::case_2_bad::format_2_ObjectFormat__Sha256 ... ok
test date_errors_preserve_usable_identity::case_2_bad::format_1_ObjectFormat__Sha1 ... ok
test date_errors_preserve_usable_identity::case_3_overflow::format_2_ObjectFormat__Sha256 ... ok
test date_errors_preserve_usable_identity::case_3_overflow::format_1_ObjectFormat__Sha1 ... ok
test commit_graph_and_storage_match_git::case_29_no_date_space::format_1_ObjectFormat__Sha1 ... ok
test date_errors_preserve_usable_identity::case_4_unsigned::format_1_ObjectFormat__Sha1 ... ok
test date_errors_preserve_usable_identity::case_4_unsigned::format_2_ObjectFormat__Sha256 ... ok
test commit_graph_and_storage_match_git::case_29_no_date_space::format_2_ObjectFormat__Sha256 ... ok
test date_errors_preserve_usable_identity::case_5_seconds_suffix::format_1_ObjectFormat__Sha1 ... ok
test dates_and_last_author_have_explicit_interpretation::case_1_hours::format_1_ObjectFormat__Sha1 ... ok
test date_errors_preserve_usable_identity::case_5_seconds_suffix::format_2_ObjectFormat__Sha256 ... ok
test dates_and_last_author_have_explicit_interpretation::case_1_hours::format_2_ObjectFormat__Sha256 ... ok
test dates_and_last_author_have_explicit_interpretation::case_2_minutes::format_1_ObjectFormat__Sha1 ... ok
test dates_and_last_author_have_explicit_interpretation::case_3_short::format_1_ObjectFormat__Sha1 ... ok
test dates_and_last_author_have_explicit_interpretation::case_2_minutes::format_2_ObjectFormat__Sha256 ... ok
test dates_and_last_author_have_explicit_interpretation::case_3_short::format_2_ObjectFormat__Sha256 ... ok
test dates_and_last_author_have_explicit_interpretation::case_4_suffix::format_1_ObjectFormat__Sha1 ... ok
test dates_and_last_author_have_explicit_interpretation::case_5_adjacent::format_1_ObjectFormat__Sha1 ... ok
test dates_and_last_author_have_explicit_interpretation::case_4_suffix::format_2_ObjectFormat__Sha256 ... ok
test dates_and_last_author_have_explicit_interpretation::case_5_adjacent::format_2_ObjectFormat__Sha256 ... ok
test dates_and_last_author_have_explicit_interpretation::case_6_negative::format_1_ObjectFormat__Sha1 ... ok
test dates_and_last_author_have_explicit_interpretation::case_7_tab::format_1_ObjectFormat__Sha1 ... ok
test dates_and_last_author_have_explicit_interpretation::case_6_negative::format_2_ObjectFormat__Sha256 ... ok
test dates_and_last_author_have_explicit_interpretation::case_7_tab::format_2_ObjectFormat__Sha256 ... ok
test dates_and_last_author_have_explicit_interpretation::case_8_no_space::format_1_ObjectFormat__Sha1 ... ok
test dates_and_last_author_have_explicit_interpretation::case_9_duplicate::format_1_ObjectFormat__Sha1 ... ok
test dates_and_last_author_have_explicit_interpretation::case_8_no_space::format_2_ObjectFormat__Sha256 ... ok
test dates_and_last_author_have_explicit_interpretation::case_9_duplicate::format_2_ObjectFormat__Sha256 ... ok
test first_tagger_matches_git_metadata::case_1_duplicate::format_1_ObjectFormat__Sha1 ... ok
test first_tagger_matches_git_metadata::case_2_misplaced::format_2_ObjectFormat__Sha256 ... ok
test first_tagger_matches_git_metadata::case_2_misplaced::format_1_ObjectFormat__Sha1 ... ok
test first_tagger_matches_git_metadata::case_1_duplicate::format_2_ObjectFormat__Sha256 ... ok
test historical_tree_modes_match_git::case_01_mode::format_1_ObjectFormat__Sha1 ... ok
test historical_tree_modes_match_git::case_01_mode::format_2_ObjectFormat__Sha256 ... ok
test historical_tree_modes_match_git::case_02_permissions::format_2_ObjectFormat__Sha256 ... ok
test historical_tree_modes_match_git::case_02_permissions::format_1_ObjectFormat__Sha1 ... ok
test historical_tree_modes_match_git::case_03_owner_execute::format_1_ObjectFormat__Sha1 ... ok
test historical_tree_modes_match_git::case_04_padded::format_2_ObjectFormat__Sha256 ... ok
test historical_tree_modes_match_git::case_04_padded::format_1_ObjectFormat__Sha1 ... ok
test historical_tree_modes_match_git::case_03_owner_execute::format_2_ObjectFormat__Sha256 ... ok
test historical_tree_modes_match_git::case_05_tree::format_1_ObjectFormat__Sha1 ... ok
test historical_tree_modes_match_git::case_06_tree_permissions::format_1_ObjectFormat__Sha1 ... ok
test historical_tree_modes_match_git::case_05_tree::format_2_ObjectFormat__Sha256 ... ok
test historical_tree_modes_match_git::case_06_tree_permissions::format_2_ObjectFormat__Sha256 ... ok
test historical_tree_modes_match_git::case_07_symlink::format_2_ObjectFormat__Sha256 ... ok
test historical_tree_modes_match_git::case_07_symlink::format_1_ObjectFormat__Sha1 ... ok
test historical_tree_modes_match_git::case_08_gitlink::format_2_ObjectFormat__Sha256 ... ok
test historical_tree_modes_match_git::case_08_gitlink::format_1_ObjectFormat__Sha1 ... ok
test historical_tree_modes_match_git::case_09_overflow::format_1_ObjectFormat__Sha1 ... ok
test historical_tree_modes_match_git::case_09_overflow::format_2_ObjectFormat__Sha256 ... ok
test historical_tree_modes_match_git::case_10_huge::format_1_ObjectFormat__Sha1 ... ok
test historical_tree_modes_match_git::case_10_huge::format_2_ObjectFormat__Sha256 ... ok
test historical_tree_modes_match_git::case_11_padding::format_1_ObjectFormat__Sha1 ... ok
test historical_tree_modes_match_git::case_11_padding::format_2_ObjectFormat__Sha256 ... ok
test historical_tree_modes_match_git::case_12_zero::format_2_ObjectFormat__Sha256 ... ok
test legacy_signature_removal_is_exact::format_1_ObjectFormat__Sha1 ... ok
test legacy_signature_removal_is_exact::format_2_ObjectFormat__Sha256 ... ok
test metadata_absence_and_raw_identity_are_independent_of_graph_decoding::format_1_ObjectFormat__Sha1 ... ok
test metadata_absence_and_raw_identity_are_independent_of_graph_decoding::format_2_ObjectFormat__Sha256 ... ok
test historical_tree_modes_match_git::case_12_zero::format_1_ObjectFormat__Sha1 ... ok
test nested_peeling_preserves_identity_and_matches_git::case_1_blob::format_2_ObjectFormat__Sha256 ... ok
test nested_peeling_preserves_identity_and_matches_git::case_1_blob::format_1_ObjectFormat__Sha1 ... ok
test historical_tree_modes_match_git::case_13_unknown::format_1_ObjectFormat__Sha1 ... ok
test historical_tree_modes_match_git::case_13_unknown::format_2_ObjectFormat__Sha256 ... ok
test nested_peeling_preserves_identity_and_matches_git::case_2_tree::format_2_ObjectFormat__Sha256 ... ok
test nested_peeling_preserves_identity_and_matches_git::case_2_tree::format_1_ObjectFormat__Sha1 ... ok
test nested_peeling_preserves_identity_and_matches_git::case_3_commit::format_1_ObjectFormat__Sha1 ... ok
test nested_peeling_preserves_identity_and_matches_git::case_3_commit::format_2_ObjectFormat__Sha256 ... ok
test peeling_failures_identify_the_referring_tag::format_1_ObjectFormat__Sha1 ... ok
test peeling_checks_terminal_syntax_and_exact_limits::format_1_ObjectFormat__Sha1 ... ok
test peeling_failures_identify_the_referring_tag::format_2_ObjectFormat__Sha256 ... ok
test peeling_checks_terminal_syntax_and_exact_limits::format_2_ObjectFormat__Sha256 ... ok
test signature_bytes_match_captured_git_provider_input::case_1_sha1::name_1___both__ ... ok
test signature_bytes_match_captured_git_provider_input::case_1_sha1::name_2___repeated__ ... ok
test signature_bytes_match_captured_git_provider_input::case_1_sha1::name_3___legacy__ ... ok
test signature_bytes_match_captured_git_provider_input::case_2_sha256::name_1___both__ ... ok
test signature_bytes_match_captured_git_provider_input::case_2_sha256::name_2___repeated__ ... ok
test signature_bytes_match_captured_git_provider_input::case_2_sha256::name_3___legacy__ ... ok
test peeling_leaves_terminal_tree_records_for_the_tree_reader::format_2_ObjectFormat__Sha256 ... ok
test peeling_leaves_terminal_tree_records_for_the_tree_reader::format_1_ObjectFormat__Sha1 ... ok
test tag_reading_matches_git_peeling::case_01_canonical::format_1_ObjectFormat__Sha1 ... ok
test tag_reading_matches_git_peeling::case_01_canonical::format_2_ObjectFormat__Sha256 ... ok
test tag_reading_matches_git_peeling::case_02_legacy::format_1_ObjectFormat__Sha1 ... ok
test tag_reading_matches_git_peeling::case_02_legacy::format_2_ObjectFormat__Sha256 ... ok
test tag_reading_matches_git_peeling::case_03_truncated::format_1_ObjectFormat__Sha1 ... ok
test tag_reading_matches_git_peeling::case_03_truncated::format_2_ObjectFormat__Sha256 ... ok
test tag_reading_matches_git_peeling::case_04_missing_name::format_2_ObjectFormat__Sha256 ... ok
test tag_reading_matches_git_peeling::case_04_missing_name::format_1_ObjectFormat__Sha1 ... ok
test tag_reading_matches_git_peeling::case_06_duplicate::format_1_ObjectFormat__Sha1 ... ok
test tag_reading_matches_git_peeling::case_05_bad_tagger::format_2_ObjectFormat__Sha256 ... ok
test tag_reading_matches_git_peeling::case_05_bad_tagger::format_1_ObjectFormat__Sha1 ... ok
test tag_reading_matches_git_peeling::case_06_duplicate::format_2_ObjectFormat__Sha256 ... ok
test tag_reading_matches_git_peeling::case_08_folded::format_1_ObjectFormat__Sha1 ... ok
test tag_reading_matches_git_peeling::case_07_reordered::format_2_ObjectFormat__Sha256 ... ok
test tag_reading_matches_git_peeling::case_07_reordered::format_1_ObjectFormat__Sha1 ... ok
test tag_reading_matches_git_peeling::case_08_folded::format_2_ObjectFormat__Sha256 ... ok
test tag_reading_matches_git_peeling::case_09_folded_object::format_1_ObjectFormat__Sha1 ... ok
test tag_reading_matches_git_peeling::case_09_folded_object::format_2_ObjectFormat__Sha256 ... ok
test tag_reading_matches_git_peeling::case_10_folded_type::format_1_ObjectFormat__Sha1 ... ok
test tag_reading_matches_git_peeling::case_10_folded_type::format_2_ObjectFormat__Sha256 ... ok
test tag_reading_matches_git_peeling::case_11_missing_type::format_1_ObjectFormat__Sha1 ... ok
test tag_reading_matches_git_peeling::case_11_missing_type::format_2_ObjectFormat__Sha256 ... ok
test tag_reading_matches_git_peeling::case_12_missing_object::format_2_ObjectFormat__Sha256 ... ok
test tag_reading_matches_git_peeling::case_12_missing_object::format_1_ObjectFormat__Sha1 ... ok
test tag_reading_matches_git_peeling::case_13_opaque::format_1_ObjectFormat__Sha1 ... ok
test tag_reading_matches_git_peeling::case_14_truncated_extra::format_1_ObjectFormat__Sha1 ... ok
test tag_reading_matches_git_peeling::case_13_opaque::format_2_ObjectFormat__Sha256 ... ok
test tag_reading_matches_git_peeling::case_14_truncated_extra::format_2_ObjectFormat__Sha256 ... ok
test unreadable_graph_records_fail_independently_of_raw_storage::case_1_only_tree::format_1_ObjectFormat__Sha1 ... ok
test tag_reading_matches_git_peeling::case_15_duplicate_tagger::format_2_ObjectFormat__Sha256 ... ok
test tag_reading_matches_git_peeling::case_15_duplicate_tagger::format_1_ObjectFormat__Sha1 ... ok
test transfer_graph_accepts_legacy_metadata_and_unsorted_trees::format_1_ObjectFormat__Sha1 ... ok
test unreadable_graph_records_fail_independently_of_raw_storage::case_1_only_tree::format_2_ObjectFormat__Sha256 ... ok
test unreadable_graph_records_fail_independently_of_raw_storage::case_2_only_parent::format_2_ObjectFormat__Sha256 ... ok
test unreadable_graph_records_fail_independently_of_raw_storage::case_2_only_parent::format_1_ObjectFormat__Sha1 ... ok
test unreadable_graph_records_fail_independently_of_raw_storage::case_3_unterminated_tree::format_1_ObjectFormat__Sha1 ... ok
test unreadable_graph_records_fail_independently_of_raw_storage::case_3_unterminated_tree::format_2_ObjectFormat__Sha256 ... ok
test unreadable_graph_records_fail_independently_of_raw_storage::case_4_misplaced_tree::format_1_ObjectFormat__Sha1 ... ok
test unreadable_graph_records_fail_independently_of_raw_storage::case_4_misplaced_tree::format_2_ObjectFormat__Sha256 ... ok
test unsorted_tree_reading_preserves_record_order_in_both_formats::format_1_ObjectFormat__Sha1 ... ok
test unsorted_tree_reading_preserves_record_order_in_both_formats::format_2_ObjectFormat__Sha256 ... ok

test result: ok. 180 passed; 0 failed; 0 ignored; 0 measured; 0 filtered out; finished in 0.87s

     Running tests/fetch.rs (target/debug/deps/fetch-a8424b3721da0ac6)

running 24 tests
test cancelled_install_has_no_side_effects ... ok
test conflicting_artifacts_are_never_overwritten ... ok
test concurrent_publishers_reuse_identical_artifacts ... ok
test empty_repository_transfers_nothing ... ok
test concurrent_ref_change_fails_only_the_callers_conditional_update ... ok
test empty_selection_does_not_request_a_pack ... ok
test disconnected_haves_fall_back_to_complete_transfer ... ok
test installation_failure_preserves_existing_objects ... ok
test existing_snapshots_and_concurrent_openers_see_complete_pairs ... ok
test imports_server_deltas_and_all_object_kinds::case_1_ofs_source ... ok
test imports_server_deltas_and_all_object_kinds::case_2_ref_source ... ok
test installation_honors_destination_snapshot_limits_and_allows_retry ... ok
test installation_rechecks_known_objects_before_publication::case_1_missing ... ok
test installation_rechecks_known_objects_before_publication::case_2_corrupt ... ok
test negotiated_shared_history_and_merge::case_1_divergent ... ok
test negotiated_shared_history_and_merge::case_2_merge ... ok
test known_only_installation_can_exceed_default_snapshot_count ... ok
test reverse_forward_delta_chain_is_git_compatible_and_work_bounded ... ok
test selects_explicit_branch_or_tag::case_1_branch ... ok
test retries_after_index_publication_failure ... ok
test repeated_and_incremental_fetches_allow_conditional_updates ... ok
test negotiated_initial_noop_and_incremental_preserve_connectivity ... ok
test selects_explicit_branch_or_tag::case_2_tag ... ok
test zero_have_budget_uses_full_transfer_without_losing_known_wants ... ok

test result: ok. 24 passed; 0 failed; 0 ignored; 0 measured; 0 filtered out; finished in 1.71s

     Running tests/fetch_workflow.rs (target/debug/deps/fetch_workflow-93ff2fd9f194e996)

running 23 tests
test cancelled_transfer_has_no_storage_effects ... ok
test cancellation_before_installation_leaves_refs_and_objects_untouched ... ok
test changed_server_advertisement_is_used_instead_of_preview ... ok
test ancestry_budget_failure_leaves_installed_objects_without_advancing_ref ... ok
test corrupt_loose_shadow_cannot_receive_a_published_ref ... ok
test destination_race_keeps_installed_objects_and_does_not_overwrite_writer ... ok
test explicit_reflog_identity_is_used_only_for_changed_refs ... ok
test failed_index_installation_reports_possible_unindexed_pack ... ok
test failed_installation_never_publishes_refs ... ok
test commit_rewinds_require_force_and_authorization_like_git::case_1_commit ... ok
test commit_rewinds_require_force_and_authorization_like_git::case_2_peeled_tag ... ok
test head_alias_into_destination_is_rejected_after_transfer ... ok
test installed_graph_verification_budget_is_explicit ... ok
test known_only_unchanged_fetch_does_not_write_refs_or_logs ... ok
test linked_worktree_branch_alias_cannot_bypass_destination_restriction ... ok
test missing_known_dependency_prevents_publication ... ok
test publication_lock_failure_keeps_installed_objects ... ok
test initial_multiple_refs_exclusions_and_incremental_fetch_agree_with_git ... ok
test source_only_and_empty_selection_report_no_reference_edits ... ok
test tag_peeling_budget_failure_prevents_publication ... ok
test remote_tracking_kind_changes_and_rewinds_agree_with_git::case_1_tree ... ok
test remote_tracking_kind_changes_and_rewinds_agree_with_git::case_2_blob ... ok
test tag_replacement_needs_authorization_as_well_as_git_force_syntax ... ok

test result: ok. 23 passed; 0 failed; 0 ignored; 0 measured; 0 filtered out; finished in 1.18s

     Running tests/history.rs (target/debug/deps/history-c64774ff4bb7f864)

running 20 tests
test breadth_first_order::case_1_empty ... ok
test breadth_first_order::case_2_root ... ok
test breadth_first_order::case_4_duplicates ... ok
test breadth_first_order::case_5_root_order_not_topological ... ok
test breadth_first_order::case_3_linear ... ok
test corrupt_parent_preserves_storage_error ... ok
test breadth_first_order::case_6_merge ... ok
test endpoint_queries::case_1_identical ... ok
test criss_cross_matches_git::case_1_loose ... ok
test endpoint_queries::case_2_ancestor ... ok
test criss_cross_matches_git::case_2_packed ... ok
test exact_limits_accept_duplicate_edges ... ok
test endpoint_queries::case_3_reverse ... ok
test graph_limits::case_1_commits ... ok
test endpoint_queries::case_4_disconnected ... ok
test invalid_objects::case_1_blob ... ok
test graph_limits::case_2_parents ... ok
test invalid_objects::case_2_malformed ... ok
test per_object_limits_preserve_storage_error ... ok
test missing_parent_is_an_error_even_for_identical_endpoints ... ok

test result: ok. 20 passed; 0 failed; 0 ignored; 0 measured; 0 filtered out; finished in 0.29s

     Running tests/http.rs (target/debug/deps/http-8ecfa9e4b37379d4)

running 42 tests
test authentication_is_explicit::case_1_anonymous ... ok
test authentication_is_explicit::case_2_explicit ... ok
test attempted_push_http_failures_are_uncertain_and_not_retried::case_1_server_failure ... ok
test attempted_push_http_failures_are_uncertain_and_not_retried::case_3_invalid_rpc_media ... ok
test clone_download_finishes_on_owned_worker_without_checkout ... ok
test clone_validation_cancellation_leaves_destination_absent ... ok
test attempted_push_http_failures_are_uncertain_and_not_retried::case_2_stalled_status ... ok
test complete_git_report_does_not_hide_truncated_http ... ok
test discarding_download_releases_negotiated_history ... ok
test cancelled_status_body_preserves_completed_acknowledgements ... ok
test download_and_decoding_limits_are_independent ... ok
test http_git::fixture_process::tests::malformed_readiness_reaps_the_owned_process::case_1_immediate ... ok
test http_git::fixture_process::tests::malformed_readiness_reaps_the_owned_process::case_2_graceful ... ok
test http_git::fixture_process::tests::stalled_startup_has_a_finite_deadline ... ok
test http_git::fixture_process::tests::startup_failure_retains_diagnostics ... ok
test failed_worker_validation_releases_negotiated_history::case_1_cancelled ... ok
test failed_worker_validation_releases_negotiated_history::case_2_decode_limit ... ok
test https_validates_chain_and_hostname::case_1_trusted ... ok
test https_push_and_fetch_agree_with_git ... ok
test https_validates_chain_and_hostname::case_2_untrusted ... ok
test network_wait_leaves_single_thread_executor_responsive ... ok
test https_validates_chain_and_hostname::case_3_wrong_hostname ... ok
test orchestration_installs_and_publishes_on_owned_worker ... ok
test push_authentication_rejection_is_not_sent ... ok
test rejects_invalid_http_discovery::case_01_redirect ... ok
test rejects_invalid_http_discovery::case_02_failure ... ok
test rejects_invalid_http_discovery::case_03_media ... ok
test rejects_invalid_http_discovery::case_04_duplicate_type ... ok
test rejects_invalid_http_discovery::case_05_encoded ... ok
test real_git_full_incremental_and_known_only_fetch ... ok
test rejects_invalid_http_discovery::case_06_headers ... ok
test real_git_delta_push_incremental_and_empty_commands ... ok
test rejects_invalid_http_discovery::case_07_malformed ... ok
test rejects_invalid_http_discovery::case_09_prelude ... ok
test rejects_invalid_http_discovery::case_08_truncated ... ok
test rejects_invalid_http_discovery::case_10_version ... ok
test stalled_discovery_is_interruptible::case_2_cancellation ... ok
test stalled_discovery_is_interruptible::case_1_deadline ... ok
test server_can_accept_one_ref_and_reject_another ... ok
test truncated_mutating_response_retains_acknowledged_prefix ... ok
test stalled_tls_handshake_observes_deadline ... ok
test cancellation_during_stalled_upload_is_uncertain ... ok

test result: ok. 42 passed; 0 failed; 0 ignored; 0 measured; 0 filtered out; finished in 8.02s

     Running tests/http_portable.rs (target/debug/deps/http_portable-f0553f9c1fea072a)

running 11 tests
test http_git::fixture_process::tests::malformed_readiness_reaps_the_owned_process::case_1_immediate ... ok
test http_git::fixture_process::tests::malformed_readiness_reaps_the_owned_process::case_2_graceful ... ok
test http_git::fixture_process::tests::startup_failure_retains_diagnostics ... ok
test http_git::fixture_process::tests::stalled_startup_has_a_finite_deadline ... ok
test rejects_http_status_without_retry::case_1_unauthorized ... ok
test rejects_http_status_without_retry::case_2_server_failure ... ok
test rejects_http_status_without_retry::case_3_redirect ... ok
test downloads_validates_installs_and_reuses_known_objects ... ok
test pushes_objects_and_git_publishes_the_remote_ref ... ok
test truncated_rpc_never_produces_installable_objects ... ok
test stalled_discovery_observes_deadline ... ok

test result: ok. 11 passed; 0 failed; 0 ignored; 0 measured; 0 filtered out; finished in 1.17s

     Running tests/index.rs (target/debug/deps/index-0f17640a6c4c6902)

running 34 tests
test git_empty_index_matches_pure_encoder::case_1_sha1 ... ok
test git_empty_index_matches_pure_encoder::case_2_sha256 ... ok
test git_conflict_stages_and_byte_paths_roundtrip::case_2_sha256 ... ok
test git_conflict_stages_and_byte_paths_roundtrip::case_1_sha1 ... ok
test git_lock_protocol_excludes_both_writer_directions::case_2_sha256 ... ok
test git_lock_protocol_excludes_both_writer_directions::case_1_sha1 ... ok
test git_long_paths_need_no_filesystem_materialization::case_1_sha1 ... ok
test git_long_paths_need_no_filesystem_materialization::case_2_sha256 ... ok
test git_reads_written_modes_and_writes_expected_tree::case_1_regular_sha1 ... ok
test git_reads_written_modes_and_writes_expected_tree::case_2_regular_sha256 ... ok
test git_reads_written_modes_and_writes_expected_tree::case_3_executable_sha1 ... ok
test git_reads_written_modes_and_writes_expected_tree::case_4_executable_sha256 ... ok
test git_reads_written_modes_and_writes_expected_tree::case_6_symlink_sha256 ... ok
test git_reads_written_modes_and_writes_expected_tree::case_5_symlink_sha1 ... ok
test git_reads_written_modes_and_writes_expected_tree::case_8_gitlink_sha256 ... ok
test git_reads_written_modes_and_writes_expected_tree::case_7_gitlink_sha1 ... ok
test git_unsupported_flags_and_versions_fail_without_writing::case_1_v4_sha1 ... ok
test git_unsupported_flags_and_versions_fail_without_writing::case_2_v4_sha256 ... ok
test git_resolve_undo_information_blocks_destructive_edits::case_1_sha1 ... ok
test git_resolve_undo_information_blocks_destructive_edits::case_2_sha256 ... ok
test git_unsupported_flags_and_versions_fail_without_writing::case_3_skip_worktree_sha1 ... ok
test git_unsupported_flags_and_versions_fail_without_writing::case_4_skip_worktree_sha256 ... ok
test git_unsupported_flags_and_versions_fail_without_writing::case_5_intent_to_add_sha1 ... ok
test git_unsupported_flags_and_versions_fail_without_writing::case_6_intent_to_add_sha256 ... ok
test reads_git_stat_flags_and_roundtrips_exactly::case_1_sha1 ... ok
test reads_git_stat_flags_and_roundtrips_exactly::case_2_sha256 ... ok
test rewritten_index_does_not_hide_same_stat_content_changes::case_2_sha256 ... ok
test rewritten_index_does_not_hide_same_stat_content_changes::case_1_sha1 ... ok
test linked_worktree_uses_its_own_index::case_1_sha1 ... ok
test linked_worktree_uses_its_own_index::case_2_sha256 ... ok
test split_index_is_refused_without_writing::case_1_sha1 ... ok
test split_index_is_refused_without_writing::case_2_sha256 ... ok
test separate_gitdir_uses_resolved_index_location::case_1_sha1 ... ok
test separate_gitdir_uses_resolved_index_location::case_2_sha256 ... ok

test result: ok. 34 passed; 0 failed; 0 ignored; 0 measured; 0 filtered out; finished in 0.22s

     Running tests/object_ids.rs (target/debug/deps/object_ids-e631a8f1d671885d)

running 13 tests
test matches_independent_git_vectors::case_02_sha1_text_blob ... ok
test matches_independent_git_vectors::case_03_sha1_binary_blob ... ok
test matches_independent_git_vectors::case_04_sha1_empty_tree ... ok
test matches_independent_git_vectors::case_01_sha1_empty_blob ... ok
test matches_independent_git_vectors::case_05_sha1_literal_commit ... ok
test matches_independent_git_vectors::case_06_sha1_literal_tag ... ok
test matches_independent_git_vectors::case_07_sha256_empty_blob ... ok
test matches_independent_git_vectors::case_08_sha256_text_blob ... ok
test matches_independent_git_vectors::case_09_sha256_binary_blob ... ok
test matches_independent_git_vectors::case_10_sha256_empty_tree ... ok
test matches_independent_git_vectors::case_11_sha256_literal_commit ... ok
test matches_independent_git_vectors::case_12_sha256_literal_tag ... ok
test sha1_repository_refuses_sha256_read_and_checkout_before_locking ... ok

test result: ok. 13 passed; 0 failed; 0 ignored; 0 measured; 0 filtered out; finished in 0.00s

     Running tests/packs.rs (target/debug/deps/packs-a97af5354434ba53)

running 44 tests
test agrees_with_git_for_exact_packed_objects::case_03_ofs_trees_sha1 ... ok
test agrees_with_git_for_exact_packed_objects::case_04_ofs_trees_sha256 ... ok
test agrees_with_git_for_exact_packed_objects::case_01_ofs_blobs_sha1 ... ok
test agrees_with_git_for_exact_packed_objects::case_02_ofs_blobs_sha256 ... ok
test agrees_with_git_for_exact_packed_objects::case_05_ofs_commits_sha1 ... ok
test agrees_with_git_for_exact_packed_objects::case_06_ofs_commits_sha256 ... ok
test agrees_with_git_for_exact_packed_objects::case_07_ofs_tags_sha1 ... ok
test agrees_with_git_for_exact_packed_objects::case_08_ofs_tags_sha256 ... ok
test agrees_with_git_for_exact_packed_objects::case_11_ref_trees_sha1 ... ok
test agrees_with_git_for_exact_packed_objects::case_09_ref_blobs_sha1 ... ok
test agrees_with_git_for_exact_packed_objects::case_12_ref_trees_sha256 ... ok
test agrees_with_git_for_exact_packed_objects::case_10_ref_blobs_sha256 ... ok
test agrees_with_git_for_exact_packed_objects::case_14_ref_commits_sha256 ... ok
test agrees_with_git_for_exact_packed_objects::case_13_ref_commits_sha1 ... ok
test agrees_with_git_for_exact_packed_objects::case_15_ref_tags_sha1 ... ok
test agrees_with_git_for_exact_packed_objects::case_16_ref_tags_sha256 ... ok
test bounds_snapshot_loading::case_1_bytes_sha1 ... ok
test bounds_snapshot_loading::case_2_bytes_sha256 ... ok
test bounds_snapshot_loading::case_3_count_sha1 ... ok
test bounds_snapshot_loading::case_4_count_sha256 ... ok
test combines_loose_and_packed_reads_and_reports_absence::case_1_sha1 ... ok
test combines_loose_and_packed_reads_and_reports_absence::case_2_sha256 ... ok
test corrupt_loose_copy_shadows_valid_pack::case_1_sha1 ... ok
test corrupt_loose_copy_shadows_valid_pack::case_2_sha256 ... ok
test git_and_reader_accept_binary_and_large_exports::case_1_binary_sha1 ... ok
test git_and_reader_accept_binary_and_large_exports::case_2_binary_sha256 ... ok
test corrupt_snapshot_identifies_both_artifacts_and_preserves_cause::case_1_sha1 ... ok
test corrupt_snapshot_identifies_both_artifacts_and_preserves_cause::case_2_sha256 ... ok
test git_and_reader_accept_empty_export::case_1_sha1 ... ok
test git_and_reader_accept_empty_export::case_2_sha256 ... ok
test git_and_reader_accept_mixed_export_and_repeated_objects::case_1_sha1 ... ok
test git_and_reader_accept_mixed_export_and_repeated_objects::case_2_sha256 ... ok
test git_and_reader_accept_binary_and_large_exports::case_3_large_sha1 ... ok
test git_indexes_and_reads_internal_deltas::case_1_sha1 ... ok
test git_indexes_and_reads_internal_deltas::case_2_sha256 ... ok
test git_and_reader_accept_binary_and_large_exports::case_4_large_sha256 ... ok
test missing_pack_is_storage_failure_not_object_absence::case_1_sha1 ... ok
test missing_pack_is_storage_failure_not_object_absence::case_2_sha256 ... ok
test snapshots_survive_repack_and_new_reader_reads_repacked_repository::case_1_sha1 ... ok
test snapshots_survive_repack_and_new_reader_reads_repacked_repository::case_2_sha256 ... ok
test unindexed_pack_is_not_yet_published::case_1_sha1 ... ok
test unindexed_pack_is_not_yet_published::case_2_sha256 ... ok
test git_reads_shifted_binary_deltas::case_1_sha1 ... ok
test git_reads_shifted_binary_deltas::case_2_sha256 ... ok

test result: ok. 44 passed; 0 failed; 0 ignored; 0 measured; 0 filtered out; finished in 2.81s

     Running tests/push.rs (target/debug/deps/push-c8c11de385a816b2)

running 24 tests
test arbitrary_local_possession_is_not_receiver_knowledge ... ok
test checked_out_branch_is_rejected_by_server ... ok
test cancellation_interrupts_stalled_hook ... ok
test advances_branch_and_repeats_without_implicit_local_ref_updates ... ok
test divergent_receiver_tip_outside_selected_graph_falls_back_despite_local_possession ... ok
test empty_push_to_empty_repository_succeeds_without_pack ... ok
test delta_push_then_incremental_update_preserves_payloads ... ok
test explicit_force_rewinds_when_server_allows_it ... ok
test exclusion_reduces_incremental_and_noop_packs ... ok
test interrupted_before_spawn_changes_no_destination_storage::case_1_cancelled ... ok
test interrupted_before_spawn_changes_no_destination_storage::case_2_expired ... ok
test merge_push_excludes_receiver_second_parent_and_preserves_other_side ... ok
test pre_receive_hook_rejects_all_commands ... ok
test deadline_interrupts_stalled_hook_with_uncertain_outcome::case_1_before_commit ... ok
test deadline_interrupts_stalled_hook_with_uncertain_outcome::case_2_after_commit ... ok
test publishes_nested_tags_trees_binary_blobs_symlinks_and_external_gitlinks ... ok
test publishes_branches_tags_and_complete_mixed_object_graph::case_1_ofs ... ok
test publishes_branches_tags_and_complete_mixed_object_graph::case_2_ref_delta ... ok
test receiver_root_missing_locally_preserves_full_forced_transfer ... ok
test server_non_fast_forward_policy_overrides_explicit_force ... ok
test stale_expected_value_rejects_entire_request_before_any_updates ... ok
test remote_race_after_advertisement_is_reported_as_rejection ... ok
test tag_replacement_requires_explicit_force_but_creation_does_not ... ok
test update_hook_rejection_preserves_partial_success ... ok

test result: ok. 24 passed; 0 failed; 0 ignored; 0 measured; 0 filtered out; finished in 3.17s

     Running tests/references.rs (target/debug/deps/references-152f740bdcac6628)

running 89 tests
test dangling_object_id_is_not_object_lookup::case_2_sha256 ... ok
test dangling_object_id_is_not_object_lookup::case_1_sha1 ... ok
test conditional_writers_cannot_both_succeed::case_1_sha1 ... ok
test conditional_writers_cannot_both_succeed::case_2_sha256 ... ok
test detached_head_transaction_records_previous_tip::case_1_sha1 ... ok
test detached_head_transaction_records_previous_tip::case_2_sha256 ... ok
test explicitly_omits_new_and_existing_reflogs::case_1_sha1 ... ok
test explicitly_omits_new_and_existing_reflogs::case_2_sha256 ... ok
test enumerates_git_refs_and_deletes_shadowed_branch_and_packed_tag::case_2_sha256 ... ok
test enumerates_git_refs_and_deletes_shadowed_branch_and_packed_tag::case_1_sha1 ... ok
test git_and_girt_conditional_writers_cannot_both_succeed::case_1_sha1 ... ok
test git_and_girt_conditional_writers_cannot_both_succeed::case_2_sha256 ... ok
test git_conditional_writer_racing_transaction_cannot_both_succeed::case_1_sha1 ... ok
test git_conditional_writer_racing_transaction_cannot_both_succeed::case_2_sha256 ... ok
test git_conditional_update_racing_girt_deletion_cannot_both_succeed::case_1_sha1 ... ok
test git_conditional_update_racing_girt_deletion_cannot_both_succeed::case_2_sha256 ... ok
test git_dangling_symbolic_ref_resolves_to_missing_name::case_1_sha1 ... ok
test git_dangling_symbolic_ref_resolves_to_missing_name::case_2_sha256 ... ok
test git_empty_message_reflog_is_readable::case_2_sha256 ... ok
test git_empty_message_reflog_is_readable::case_1_sha1 ... ok
test git_packing_racing_deletion_does_not_resurrect_the_branch::case_1_sha1 ... ok
test git_packing_racing_deletion_does_not_resurrect_the_branch::case_2_sha256 ... ok
test git_packed_writer_honors_lock_retained_across_replacement::case_1_sha1 ... ok
test git_packed_writer_honors_lock_retained_across_replacement::case_2_sha256 ... ok
test git_reads_transaction_records_and_girt_reads_git_appends::case_1_sha1 ... ok
test git_reads_transaction_records_and_girt_reads_git_appends::case_2_sha256 ... ok
test linked_worktree_routes_shared_and_private_refs::case_1_bisect_sha1 ... ok
test linked_worktree_routes_shared_and_private_refs::case_2_bisect_sha256 ... ok
test linked_worktree_routes_shared_and_private_refs::case_3_rewritten_sha1 ... ok
test linked_worktree_routes_shared_and_private_refs::case_4_rewritten_sha256 ... ok
test linked_worktree_routes_shared_and_private_refs::case_5_worktree_sha1 ... ok
test linked_worktree_routes_shared_and_private_refs::case_6_worktree_sha256 ... ok
test linked_worktree_transaction_routes_head_branch_and_private_logs::case_1_sha1 ... ok
test linked_worktree_transaction_routes_head_branch_and_private_logs::case_2_sha256 ... ok
test lists_and_deletes_current_worktree_refs_without_touching_other_worktree::case_1_bisect_sha1 ... ok
test lists_and_deletes_current_worktree_refs_without_touching_other_worktree::case_2_bisect_sha256 ... ok
test lists_and_deletes_current_worktree_refs_without_touching_other_worktree::case_3_rewritten_sha1 ... ok
test lists_and_deletes_current_worktree_refs_without_touching_other_worktree::case_4_rewritten_sha256 ... ok
test lists_and_deletes_current_worktree_refs_without_touching_other_worktree::case_5_worktree_sha1 ... ok
test malformed_loose_does_not_fall_back_to_packed::case_1_sha1 ... ok
test malformed_loose_does_not_fall_back_to_packed::case_2_sha256 ... ok
test lists_and_deletes_current_worktree_refs_without_touching_other_worktree::case_6_worktree_sha256 ... ok
test malformed_packed_blocks_updates_and_preserves_data::case_1_unknown_header_sha1 ... ok
test malformed_packed_blocks_updates_and_preserves_data::case_2_unknown_header_sha256 ... ok
test malformed_packed_blocks_updates_and_preserves_data::case_3_truncated_sha1 ... ok
test names_agree_with_git::case_01_ordinary ... ok
test malformed_packed_blocks_updates_and_preserves_data::case_4_truncated_sha256 ... ok
test names_agree_with_git::case_02_dot_component_end ... ok
test names_agree_with_git::case_03_at ... ok
test names_agree_with_git::case_04_dash ... ok
test names_agree_with_git::case_05_lock ... ok
test names_agree_with_git::case_06_traversal ... ok
test names_agree_with_git::case_07_reflog ... ok
test malformed_packed_blocks_updates_and_preserves_data::case_5_invalid_peel_sha1 ... ok
test malformed_packed_blocks_updates_and_preserves_data::case_6_invalid_peel_sha256 ... ok
test names_agree_with_git::case_09_double_slash ... ok
test names_agree_with_git::case_08_trailing ... ok
test names_agree_with_git::case_10_space ... ok
test names_agree_with_git::case_11_backslash ... ok
test namespace_conflicts_preserve_existing::case_3_loose_child_sha1 ... ok
test namespace_conflicts_preserve_existing::case_1_loose_sha1 ... ok
test namespace_conflicts_preserve_existing::case_4_loose_child_sha256 ... ok
test namespace_conflicts_preserve_existing::case_2_loose_sha256 ... ok
test namespace_conflicts_preserve_existing::case_5_packed_sha1 ... ok
test namespace_conflicts_preserve_existing::case_7_packed_child_sha1 ... ok
test namespace_conflicts_preserve_existing::case_8_packed_child_sha256 ... ok
test namespace_conflicts_preserve_existing::case_6_packed_sha256 ... ok
test non_utf8_names_round_trip_with_git::case_2_sha256 ... ok
test non_utf8_names_round_trip_with_git::case_1_sha1 ... ok
test ordinary_gitdir_file_layout_lists_and_deletes_refs::case_2_sha256 ... ok
test ordinary_gitdir_file_layout_lists_and_deletes_refs::case_1_sha1 ... ok
test packed_value_is_not_absent_and_failed_condition_cleans_lock::case_1_sha1 ... ok
test packed_value_is_not_absent_and_failed_condition_cleans_lock::case_2_sha256 ... ok
test publishes_unborn_branch_and_distinguishes_symbolic_replacement::case_2_sha256 ... ok
test publishes_unborn_branch_and_distinguishes_symbolic_replacement::case_1_sha1 ... ok
test separate_git_directory_routes_transaction_logs::case_1_sha1 ... ok
test separate_git_directory_routes_transaction_logs::case_2_sha256 ... ok
test reads_git_loose_packed_and_symbolic_then_shadows_packed::case_2_sha256 ... ok
test reads_git_loose_packed_and_symbolic_then_shadows_packed::case_1_sha1 ... ok
test symbolic_head_cannot_point_outside_refs::case_1_sha1 ... ok
test symbolic_head_cannot_point_outside_refs::case_2_sha256 ... ok
test transaction_deletes_packed_and_shadowed_refs_without_resurrection::case_1_sha1 ... ok
test transaction_deletes_packed_and_shadowed_refs_without_resurrection::case_2_sha256 ... ok
test unsupported_backends_fail_open::case_1_reftable_sha1 ... ok
test unsupported_backends_fail_open::case_2_reftable_sha256 ... ok
test unsupported_backends_fail_open::case_3_unknown_sha1 ... ok
test symbolic_to_direct_head_logging_matches_git_and_preserves_branch::case_2_sha256 ... ok
test symbolic_to_direct_head_logging_matches_git_and_preserves_branch::case_1_sha1 ... ok
test unsupported_backends_fail_open::case_4_unknown_sha256 ... ok

test result: ok. 89 passed; 0 failed; 0 ignored; 0 measured; 0 filtered out; finished in 1.11s

     Running tests/remotes.rs (target/debug/deps/remotes-b8497223b7af0453)

running 27 tests
test git_and_mapper_reject_unusable_fetch_plan::case_3_excluded_missing ... ok
test git_and_mapper_reject_unusable_fetch_plan::case_2_missing ... ok
test git_and_mapper_reject_unusable_fetch_plan::case_1_collision ... ok
test git_annotated_tag_and_symbolic_head_keep_advertised_identities ... ok
test git_fetch_agrees_with_mapping::case_2_excluded ... ok
test git_fetch_agrees_with_mapping::case_3_negative_first ... ok
test git_fetch_agrees_with_mapping::case_1_all ... ok
test git_fetch_agrees_with_mapping::case_4_partial_pattern ... ok
test git_fetch_agrees_with_mapping::case_7_selection ... ok
test git_fetch_agrees_with_mapping::case_6_head ... ok
test git_fetch_agrees_with_mapping::case_5_exact ... ok
test git_fetch_agrees_with_mapping::case_8_duplicate ... ok
test git_fetch_agrees_with_mapping::case_9_exact_exclusion ... ok
test git_push_agrees_with_mapping::case_1_explicit ... ok
test git_generated_named_config_selects_the_same_fetch_refs ... ok
test git_push_agrees_with_mapping::case_2_implicit_same ... ok
test git_push_agrees_with_mapping::case_3_wildcard ... ok
test git_push_agrees_with_mapping::case_4_wildcard_same ... ok
test git_push_agrees_with_mapping::case_5_head ... ok
test git_remote_url_order_and_fallback::case_1_url_list ... ok
test git_push_deletion_agrees_without_a_local_source ... ok
test git_remote_url_order_and_fallback::case_2_push_override ... ok
test git_push_agrees_with_mapping::case_6_force ... ok
test git_remote_url_order_and_fallback::case_3_url_reset ... ok
test git_remote_url_order_and_fallback::case_6_duplicates ... ok
test git_remote_url_order_and_fallback::case_4_push_reset ... ok
test git_remote_url_order_and_fallback::case_5_push_reset_append ... ok

test result: ok. 27 passed; 0 failed; 0 ignored; 0 measured; 0 filtered out; finished in 0.71s

     Running tests/repositories.rs (target/debug/deps/repositories-4978e171af783634)

running 57 tests
test bare_config_agrees_with_git::case_1_implicit ... ok
test bare_config_agrees_with_git::case_4_suffix ... ok
test bare_config_agrees_with_git::case_3_negative ... ok
test bare_config_agrees_with_git::case_2_empty ... ok
test bare_config_agrees_with_git::case_7_case ... ok
test bare_config_agrees_with_git::case_8_repeat ... ok
test bare_config_agrees_with_git::case_5_octal ... ok
test bare_config_agrees_with_git::case_6_hex ... ok
test config_values_agree_with_git::case_1_comments ... ok
test config_values_agree_with_git::case_4_crlf ... ok
test config_values_agree_with_git::case_2_escapes ... ok
test config_values_agree_with_git::case_3_continuation ... ok
test config_values_agree_with_git::case_5_whitespace ... ok
test config_values_agree_with_git::case_8_continued_prefix ... ok
test config_values_agree_with_git::case_6_bytes ... ok
test config_values_agree_with_git::case_7_empty_quote_prefix ... ok
test discovers_nested_git_created_repository::case_2_bare ... ok
test discovers_nested_git_created_repository::case_1_ordinary ... ok
test discovers_separate_metadata_outside_ceiling ... ok
test core_worktree_is_relative_to_git_directory ... ok
test does_not_search_parent_directories ... ok
test discovery_and_initialization_reject_unsupported_without_changes::case_1_reftable ... ok
test format_one_sha1_and_last_version ... ok
test discovers_linked_worktree_before_parent_repository ... ok
test git_generated_quoted_subsections_and_repeated_keys ... ok
test git_can_add_and_commit_in_initialized_worktree ... ok
test malformed_gitfile_is_distinct ... ok
test linked_worktree_of_bare_repository_has_worktree ... ok
test malformed_metadata_is_distinct::case_1_head ... ok
test malformed_metadata_is_distinct::case_2_commondir ... ok
test malformed_syntax_is_rejected_by_git_and_girt::case_1_bad_escape ... ok
test malformed_syntax_is_rejected_by_git_and_girt::case_2_double_cr_escape ... ok
test malformed_syntax_is_rejected_by_git_and_girt::case_3_unclosed_quote ... ok
test malformed_syntax_is_rejected_by_git_and_girt::case_4_missing_subsection_space ... ok
test git_uses_girt_initialized_repository::case_1_worktree ... ok
test missing_config_uses_layout_defaults ... ok
test git_uses_girt_initialized_repository::case_2_bare ... ok
test opens_and_reads_git_blob_without_mutation::case_1_ordinary ... ok
test opens_and_reads_git_blob_without_mutation::case_2_git_directory ... ok
test opens_and_reads_git_blob_without_mutation::case_3_bare ... ok
test opens_linked_worktree::case_1_root ... ok
test opens_linked_worktree::case_2_gitfile ... ok
test opens_linked_worktree::case_3_metadata ... ok
test opens_separate_git_directory::case_1_root ... ok
test recognizes_sha256_loose_storage ... ok
test opens_separate_git_directory::case_2_gitfile ... ok
test rejects_malformed_settings::case_1_invalid_boolean ... ok
test rejects_malformed_settings::case_2_conflicting_worktree ... ok
test rejects_malformed_settings::case_3_invalid_version ... ok
test rejects_unsupported_storage::case_1_alternates ... ok
test rejects_unsupported_storage::case_2_shallow ... ok
test rejects_unsupported_without_mutation::case_1_unknown_extension ... ok
test rejects_unsupported_without_mutation::case_2_ref_storage ... ok
test rejects_broken_linked_worktree_backlink ... ok
test stale_worktree_config_is_not_read_without_extension ... ok
test rejects_unsupported_without_mutation::case_3_future_version ... ok
test opening_example_reads_git_fixture ... ok

test result: ok. 57 passed; 0 failed; 0 ignored; 0 measured; 0 filtered out; finished in 1.83s

     Running tests/sha256.rs (target/debug/deps/sha256-6bd0236b42558fd1)

running 19 tests
test foreign_storage_ids_are_rejected_without_publication::case_2_sha256 ... ok
test foreign_storage_ids_are_rejected_without_publication::case_1_sha1 ... ok
test exact_signed_commit_and_opaque_headers::case_1_sha1 ... ok
test exact_signed_commit_and_opaque_headers::case_2_sha256 ... ok
test imported_noncanonical_hex_and_dates_retain_bytes::case_1_sha1 ... ok
test imported_noncanonical_hex_and_dates_retain_bytes::case_2_sha256 ... ok
test git_created_separate_and_linked_layouts::case_1_sha1 ... ok
test git_created_separate_and_linked_layouts::case_2_sha256 ... ok
test packed_history_checkout_and_status_use_repository_format::case_1_sha1 ... ok
test packed_history_checkout_and_status_use_repository_format::case_2_sha256 ... ok
test public_objects_interoperate_both_directions::case_2_sha256_bare ... ok
test sha256_cannot_become_sha1_fetch_knowledge ... ok
test public_objects_interoperate_both_directions::case_1_sha1_bare ... ok
test sha256_corrupt_storage_preserves_metadata ... ok
test traversal_checks_format_limits_and_cancellation::case_1_sha1 ... ok
test traversal_checks_format_limits_and_cancellation::case_2_sha256 ... ok
test sha256_git_pack_is_readable ... ok
test public_objects_interoperate_both_directions::case_3_sha1_worktree ... ok
test public_objects_interoperate_both_directions::case_4_sha256_worktree ... ok

test result: ok. 19 passed; 0 failed; 0 ignored; 0 measured; 0 filtered out; finished in 0.25s

     Running tests/ssh.rs (target/debug/deps/ssh-99611f6098690d3b)

running 37 tests
test caller_config_cannot_disable_host_verification_or_batch_mode ... ok
test cancellation_preserves_acknowledged_statuses::case_1_response ... ok
test cancellation_preserves_acknowledged_statuses::case_2_exit ... ok
test cancellation_after_real_git_ref_commit_is_uncertain ... ok
test cancellation_preserves_acknowledged_statuses::case_3_partial ... ok
test clone_malformed_transfer_leaves_destination_absent ... ok
test clone_download_finishes_on_owned_worker_without_checkout ... ok
test clone_validation_cancellation_leaves_destination_absent ... ok
test discarding_download_releases_negotiated_history ... ok
test download_respects_wire_budgets::case_1_advertisement ... ok
test download_respects_wire_budgets::case_2_body ... ok
test failed_worker_validation_releases_negotiated_history::case_1_cancelled ... ok
test failed_worker_validation_releases_negotiated_history::case_2_decode_limit ... ok
test literal_repository_path_round_trips::case_2_quotes ... ok
test literal_repository_path_round_trips::case_1_spaces ... ok
test malformed_advertisement_is_rejected ... ok
test literal_repository_path_round_trips::case_3_shell ... ok
test git_rejection_is_a_report_and_preserves_mixed_outcomes ... ok
test nonzero_service_exit_retains_complete_report ... ok
test orchestration_rejects_malformed_transfer_without_installation ... ok
test orchestration_installs_and_publishes_on_owned_worker ... ok
test rejects_untrusted_hosts_and_failed_authentication::case_1_unknown ... ok
test rejects_untrusted_hosts_and_failed_authentication::case_2_changed ... ok
test rejects_untrusted_hosts_and_failed_authentication::case_3_authentication ... ok
test ssh_git::fixture_process::tests::malformed_readiness_reaps_the_owned_process::case_1_immediate ... ok
test ssh_git::fixture_process::tests::malformed_readiness_reaps_the_owned_process::case_2_graceful ... ok
test blocked_upload_expires_with_unknown_outcome ... ok
test ssh_git::fixture_process::tests::startup_failure_retains_diagnostics ... ok
test ssh_git::tests::startup_json_preserves_path_punctuation_and_escapes ... ok
test ssh_git::fixture_process::tests::stalled_startup_has_a_finite_deadline ... ok
test real_git_full_incremental_and_known_only_fetch ... ok
test stalled_ssh_handshake_expires_without_using_an_account ... ok
test real_git_delta_push_incremental_and_empty_commands ... ok
test stderr_cannot_block_service_io::case_1_diagnostics ... ok
test stderr_cannot_block_service_io::case_2_normal ... ok
test trust_failure_is_not_sent_for_push ... ok
test stalled_service_has_a_deadline ... ok

test result: ok. 37 passed; 0 failed; 0 ignored; 0 measured; 0 filtered out; finished in 6.19s

     Running tests/status.rs (target/debug/deps/status-6af9bb17fce457e1)

running 34 tests
test agrees_with_git_staged_and_unstaged::case_1_clean ... ok
test agrees_with_git_staged_and_unstaged::case_2_unstaged ... ok
test agrees_with_git_staged_and_unstaged::case_4_both ... ok
test agrees_with_git_staged_and_unstaged::case_3_staged ... ok
test agrees_with_git_staged_and_unstaged::case_5_added ... ok
test agrees_with_git_staged_and_unstaged::case_7_removed ... ok
test agrees_with_git_staged_and_unstaged::case_8_missing ... ok
test agrees_with_git_staged_and_unstaged::case_6_added_changed ... ok
test cancellation_precedes_any_storage_read ... ok
test corrupt_object_is_not_hidden_by_equal_working_content ... ok
test conflicts_are_explicit_and_not_staged_deletions ... ok
test agrees_with_git_staged_and_unstaged::case_9_added_missing ... ok
test assume_valid_does_not_claim_unverified_content_is_clean ... ok
test detached_head_and_explicit_tree_use_verified_storage::case_1_loose ... ok
test directory_obstruction_is_not_clean ... ok
test invalid_index_is_an_error_without_writes ... ok
test gitlinks_are_explicitly_unchecked_and_never_traversed ... ok
test missing_baseline_tree_is_not_an_empty_tree ... ok
test missing_index_blob_is_an_error_even_when_working_file_is_missing ... ok
test file_directory_replacement_preserves_both_staged_paths ... ok
test detached_head_and_explicit_tree_use_verified_storage::case_2_packed ... ok
test missing_index_with_existing_head_reports_deletions_and_raw_files ... ok
test raw_policy_exposes_ignored_files_and_normalization_difference ... ok
test raw_observation_does_not_modify_any_repository_file ... ok
test unborn_staged_file_is_addition ... ok
test unborn_without_index_is_empty_and_does_not_create_storage ... ok
test separate_gitdir_inside_worktree_is_a_boundary ... ok
test linked_worktree_uses_its_own_head_and_index ... ok
test unsafe_index_bytes_do_not_reach_filesystem_traversal ... ok
test symlink_type_change_matches_git ... ok
test wrong_kind_index_object_is_an_error ... ok
test workflow_enforces_composed_resource_bounds::case_3_index_bytes ... ok
test workflow_enforces_composed_resource_bounds::case_1_object_bytes ... ok
test workflow_enforces_composed_resource_bounds::case_2_tree_reads ... ok

test result: ok. 34 passed; 0 failed; 0 ignored; 0 measured; 0 filtered out; finished in 0.29s

     Running tests/status_portable.rs (target/debug/deps/status_portable-2c5b624189164d9b)

running 1 test
test cancellation_precedes_platform_and_storage_access ... ok

test result: ok. 1 passed; 0 failed; 0 ignored; 0 measured; 0 filtered out; finished in 0.01s

     Running tests/tags.rs (target/debug/deps/tags-e82d612fb80e837f)

running 12 tests
test agrees_with_git_in_both_directions::case_2_tree ... ok
test agrees_with_git_in_both_directions::case_1_blob ... ok
test agrees_with_git_in_both_directions::case_3_commit ... ok
test agrees_with_git_in_both_directions::case_4_tag ... ok
test preserves_git_accepted_framing::case_2_no_tagger_no_separator ... ok
test preserves_git_accepted_framing::case_1_no_tagger ... ok
test preserves_git_accepted_framing::case_4_unknown_lines ... ok
test preserves_git_accepted_framing::case_3_tagger_no_separator ... ok
test preserves_literal_objects_without_claiming_fsck_validity::case_1_lexical ... ok
test preserves_git_accepted_framing::case_5_signature ... ok
test preserves_literal_objects_without_claiming_fsck_validity::case_2_binary ... ok
test preserves_literal_objects_without_claiming_fsck_validity::case_3_invalid_fields ... ok

test result: ok. 12 passed; 0 failed; 0 ignored; 0 measured; 0 filtered out; finished in 0.15s

     Running tests/tracing.rs (target/debug/deps/tracing-02aafadb1a4337d9)

running 25 tests
test fetch_failure_classes::case_1_cancelled ... ok
test fetch_failure_classes::case_2_limit ... ok
test config_resolution_span_is_categorical_and_redacted ... ok
test config_edit_failure_cleanup_is_nested_and_redacted ... ok
test filtered_config_resolution_keeps_parent_completion_fields ... ok
test filtered_config_edit_does_not_record_on_parent ... ok
test fetch_hierarchy_counts_and_sensitive_data_absence ... ok
test filtered_operations_never_modify_caller_fields ... ok
test history_limit_and_index_lifecycle_have_owned_spans ... ok
test http::abandoning_download_on_worker_closes_original_spans ... ok
test http::interleaved_pending_futures_do_not_leak_entered_spans ... ok
test http::owned_download_restores_dispatch_on_worker_and_releases_parent ... ok
test loose_kind_errors_remain_distinct::case_1_unknown ... ok
test loose_kind_errors_remain_distinct::case_2_wrong_kind ... ok
test peel_failure_classification::case_1_missing ... ok
test http::clone_finish_owns_fetch_installation_phases ... ok
test http::cancellation_after_suspension_records_cancelled_outcome ... ok
test peel_failure_classification::case_2_cancelled ... ok
test peel_span_owns_read_children_and_redacts_payloads ... ok
test installation_failure_retains_visible_pack_and_reports_phase ... ok
test reference_transaction_has_prepare_and_publication_children ... ok
test push_write_failure_is_uncertain_without_logging_source_text ... ok
test sha1_transfer_cannot_publish_into_sha256_repository ... ok
test sha256_storage_spans_include_format_and_classify_refusal ... ok
test successful_push_protocol_exposes_remote_rejections_without_text ... ok

test result: ok. 25 passed; 0 failed; 0 ignored; 0 measured; 0 filtered out; finished in 0.05s

     Running tests/tree_compare.rs (target/debug/deps/tree_compare-6ef75a50db52615b)

running 2 tests
test structural_results_agree_with_git::case_1_loose ... ok
test structural_results_agree_with_git::case_2_packed ... ok

test result: ok. 2 passed; 0 failed; 0 ignored; 0 measured; 0 filtered out; finished in 0.11s

     Running tests/trees.rs (target/debug/deps/trees-e411078b73030367)

running 5 tests
test preserves_noncanonical_identity::case_2_duplicate ... ok
test preserves_noncanonical_identity::case_1_unsorted ... ok
test interoperates_with_git_in_both_directions::case_2_all_modes_and_byte_names ... ok
test interoperates_with_git_in_both_directions::case_1_empty ... ok
test preserves_noncanonical_identity::case_3_invalid_name ... ok

test result: ok. 5 passed; 0 failed; 0 ignored; 0 measured; 0 filtered out; finished in 0.05s

   Doc-tests girt

running 20 tests
test src/clone/workflow.rs - clone::workflow::CloneRequest (line 37) - compile ... ok
test src/commit/payload.rs - commit::payload::CommitPayload (line 19) ... ok
test src/commit.rs - commit::Commit (line 36) ... ok
test src/content_diff.rs - content_diff::diff (line 47) ... ok
test src/config/parse.rs - config::parse::Config (line 14) ... ok
test src/index.rs - index (line 18) ... ok
test src/objects.rs - objects::Objects (line 129) - compile ... ok
test src/object.rs - object::encode_blob (line 259) ... ok
test src/object.rs - object::ObjectFormat::hash_object (line 137) ... ok
test src/loose.rs - loose::LooseObjects (line 21) ... ok
test src/pack/write.rs - pack::write::write_pack (line 125) ... ok
test src/repository.rs - repository::Repository (line 35) - compile ... ok
test src/pack/write.rs - pack::write::write_pack_with_compression (line 171) ... ok
test src/status/workflow.rs - status::workflow::Repository::raw_status (line 46) - compile ... ok
test src/refs/name.rs - refs::name::RefName::new (line 17) ... ok
test src/refs/enumerate.rs - refs::enumerate::References<'_>::list_namespace (line 55) ... ok
test src/tree_compare.rs - tree_compare::Objects::compare_trees (line 109) - compile ... ok
test src/tag.rs - tag::Tag (line 25) ... ok
test src/tree.rs - tree::Tree (line 43) ... ok
test src/repository/init.rs - repository::init::Repository::init (line 81) ... ok

test result: ok. 20 passed; 0 failed; 0 ignored; 0 measured; 0 filtered out; finished in 0.02s

all doctests ran in 1.83s; merged doctests compilation took 1.53s
cargo clippy --all-features --all-targets -- -D warnings
    Checking girt v0.1.0 (/Users/joshka/local/girt)
    Finished `dev` profile [unoptimized + debuginfo] target(s) in 22.94s
RUSTDOCFLAGS="-D warnings" cargo +nightly docs-rs
    Scraping girt v0.1.0 (/Users/joshka/local/girt)
 Documenting girt v0.1.0 (/Users/joshka/local/girt)
    Finished `dev` profile [unoptimized + debuginfo] target(s) in 2.04s
   Generated /Users/joshka/local/girt/target/aarch64-apple-darwin/doc/girt/index.html
